"Accession name"	"PI (no.)"	"MUNQ (no.)z"	"Ploidy"	"Ma1"	"Q8"	"TA (g·L-1)"	"pH"	"Date(s) harvested"	"SPI"	"Region of origin"	"PLANTID.x"	"ACP"	"apple_id"	"PLANTID.y"	"ACCID"	"origin"	"species"	"use"	"country"	"world"	"release_year"	"acidity_16_stor"	"brix_16_stor"	"weight_avg_16_stor"	"firmness_avg_16_stor"	"brix_acid_16_stor"	"acidity_16_harv"	"juiciness_16_harv"	"date_jul_16_harv"	"weight_avg_16_harv"	"brix_avg_16_harv"	"firmness_avg_16_harv"	"flowering_jul_16_harv"	"precocity_16_harv"	"brix_acid_16_harv"	"time_ripen_16_harv"	"percent_acidity_16"	"percent_brix_16"	"percent_weight_16"	"percent_firmness_avg_16"	"percent_brix_acid_16"	"acidity_17_stor"	"brix_17_stor"	"weight_avg_17_stor"	"firmness_avg_17_stor"	"brix_acid_17_stor"	"brix_17_harv"	"acidity_17_harv"	"date_jul_17_harv"	"firmness_avg_17_harv"	"weight_avg_17_harv"	"brix_acid_17_harv"	"percent_acidity_17"	"percent_brix_17"	"percent_weight_avg_17"	"percent_firmness_avg_17"	"percent_brix_acid_17"	"tpc"	"frap"	"time_ripen_2017"
"Boutteville"	162723	"n/a"	2	"mama"	"Q8Q8"	1.09	5	"27 Sept. 2018"	"8"	"France"	"Boutteville"	"PI"	506	"Boutteville"	"140210"	"USDA"	"domestica"	"cider"	"France"	"old"	"NA"	"1.0451999999999999"	"13"	"52.0075"	"7.2527499999999998"	"12.437810945273601"	"1.36050868357801"	"15.689239478275301"	"270.13272877501998"	"62.493000067386298"	"11.6245924219311"	"7.0583078531401"	"154.05145999956099"	"1.4937821220410701"	"7.4755899905078298"	"116.27789605122901"	"-23.175793538397599"	"11.8318778684579"	"-16.778679301809401"	"2.7547983299339398"	"66.378987625947602"	"NA"	"NA"	"NA"	"NA"	"NA"	"NA"	"NA"	"NA"	"NA"	"NA"	"NA"	"NA"	"NA"	"NA"	"NA"	"NA"	"5.1532092468845798"	"4.9662512721368701"	"NA"
"Sweet Coppin"	589688	"2574"	2	"mama"	"Q8Q8"	1.13	4.4	"06 Oct. 2017, 05 Oct. 2016"	"7.1"	"England"	"Sweet Coppin"	"PI"	1181	NA	NA	NA	NA	NA	NA	NA	NA	NA	NA	NA	NA	NA	NA	NA	NA	NA	NA	NA	NA	NA	NA	NA	NA	NA	NA	NA	NA	NA	NA	NA	NA	NA	NA	NA	NA	NA	NA	NA	NA	NA	NA	NA	NA	NA	NA	NA
"Harry Masters Jersey"	589653	"2589"	2	"mama"	"Q8q8"	1.21	4.7	"07 Sept. 2018"	"6.4"	"England"	"Harry Masters Jersey"	"PI"	911	"Harry Masters Jersey"	"18742"	"USDA"	"domestica"	"cider"	"United Kingdom"	"old"	"NA"	"NA"	"NA"	"148.137"	"3.2572000000000001"	"NA"	"1.5126419184031501"	"3.6500660444598001"	"304.86987070610098"	"145.41829485743099"	"12.707246381267201"	"6.0640719358121"	"158.96869202507099"	"0.96712825527919499"	"8.8508710060597693"	"145.88599461627001"	"NA"	"NA"	"1.8695757265166999"	"-46.286916869105397"	"NA"	"1.9161999999999999"	"12.4"	"87.897999999999996"	"7.0541999999999998"	"6.4711407994990102"	"12.4048328171337"	"3.31559752145029"	"268.098697680047"	"10.445744797904201"	"132.42879494762701"	"3.5495023533906398"	"-42.206495583280997"	"-3.89591476559411E-2"	"-33.626217746101297"	"-32.468195073889497"	"82.311213100548997"	"10.491003777189899"	"11.056002379374901"	"109.143242013329"
"Le Bret"	589690	"n/a"	2	"mama"	"Q8Q8"	1.34	4.6	"19 Oct. 2017, 19 Oct. 2018"	"7.4"	"England"	"Le Bret"	"PI"	762	"Le Bret"	"19008"	"USDA"	"domestica"	"cider"	"United Kingdom"	"old"	"NA"	"NA"	"NA"	"NA"	"NA"	"NA"	"NA"	"NA"	"NA"	"NA"	"NA"	"NA"	"153.538764819112"	"1.9895894373855201"	"NA"	"NA"	"NA"	"NA"	"NA"	"NA"	"NA"	"NA"	"NA"	"NA"	"NA"	"NA"	"NA"	"NA"	"NA"	"NA"	"NA"	"NA"	"NA"	"NA"	"NA"	"NA"	"NA"	"NA"	"NA"	"NA"
"Holaart Doux"	589585	"2108"	2	"mama"	"Q8Q8"	1.35	4.8	"06 Oct. 2017, 25 Oct. 2018, 30 Oct. 2019"	"7.7"	"Northern Europe"	"Holaart Doux"	"PI"	781	"Holaart Doux"	"18273"	"USDA"	"domestica"	"NA"	"Belgium"	"old"	"NA"	"NA"	"NA"	"NA"	"NA"	"NA"	"7.8945018928076998"	"13.0780546184273"	"295.40944845454101"	"152.76621490737799"	"13.1517845481801"	"7.7368021994562701"	"153.182374418997"	"2.5154441449161502"	"1.66663472167072"	"142.92324981738099"	"NA"	"NA"	"NA"	"NA"	"NA"	"NA"	"NA"	"NA"	"NA"	"NA"	"10.246730623231899"	"2.6828078712406298"	"267.27920577414199"	"8.2850336825078994"	"199.94410018202299"	"3.4354191593140899"	"NA"	"NA"	"NA"	"NA"	"NA"	"NA"	"NA"	"115.201207998917"
"Gala"	392303	"739"	2	"Mama"	"Q8q8"	1.36	4.2	"27 Sept. 2018"	"7.8"	"New Zealand"	"Gala"	"PI"	205	"Gala"	"294439"	"USDA"	"domestica"	"dessert"	"New Zealand"	"new"	"1960"	"3.8725999999999998"	"14.4"	"122.286666666667"	"4.1307999999999998"	"3.7184320611475501"	"2.7635358501973601"	"12.4856725701306"	"310.41430183721099"	"148.396996993523"	"12.496538216237299"	"7.2975181535234697"	"153.97675338119001"	"1.52828587612839"	"4.5955168257000301"	"156.536697698681"	"40.132070286818802"	"15.231912637129"	"-17.594918263740599"	"-43.394453934924201"	"-19.085661043551401"	"3.8056000000000001"	"13.7"	"190.304"	"6.7088000000000001"	"3.5999579566954001"	"12.2150856539876"	"5.4943627511943101"	"253.755317679988"	"10.9513011629657"	"185.41309277904199"	"2.2515646684341601"	"-30.7362805782568"	"12.156397327657301"	"2.6378435026627498"	"-38.7396995099786"	"59.886944717380601"	"3.0655098169339201"	"3.0577194417087901"	"99.723385458953899"
"Ellis Bitter"	589650	"2593"	2	"mama"	"Q8Q8"	1.4	4.6	"01 Sept. 2017, 24 Aug. 2018, 04 Sept. 2019"	"7.8"	"England"	"Ellis Bitter"	"PI"	741	"Ellis Bitter"	"18721"	"USDA"	"domestica"	"cider"	"United Kingdom"	"old"	"NA"	"NA"	"NA"	"NA"	"NA"	"NA"	"NA"	"NA"	"NA"	"NA"	"NA"	"NA"	"160.685783979174"	"1.5054999440535299"	"NA"	"NA"	"NA"	"NA"	"NA"	"NA"	"NA"	"NA"	"NA"	"NA"	"NA"	"NA"	"NA"	"NA"	"NA"	"NA"	"NA"	"NA"	"NA"	"NA"	"NA"	"NA"	"NA"	"NA"	"NA"	"NA"
"Binet Blanc"	122598	"2358"	2	"mama"	"Q8Q8"	1.41	4.6	"29 Sept. 2017, 24 Oct. 2019"	"7.5"	"France"	"Binet Blanc"	"PI"	550	"Binet Blanc"	"132248"	"USDA"	"domestica"	"cider"	"France"	"old"	"NA"	"NA"	"NA"	"NA"	"NA"	"NA"	"NA"	"NA"	"NA"	"NA"	"NA"	"NA"	"156.97467840080901"	"0.993782121631552"	"NA"	"NA"	"NA"	"NA"	"NA"	"NA"	"NA"	"1.8759999999999999"	"13.9"	"70.945999999999998"	"8.7782"	"7.4093816631130096"	"12.073242824335299"	"2.9013776006427299"	"267.581679024246"	"10.8243256135307"	"69.640265549118496"	"3.92732181855986"	"-35.341060068003003"	"15.130625650820299"	"1.87497052256434"	"-18.9030308823396"	"88.662452567485602"	"NA"	"NA"	"110.48057509834"
"Sweet Alford"	589081	"n/a"	2	"mama"	"Q8Q8"	1.41	4.4	"06 Oct. 2017, 05 Oct. 2018"	"6"	"England"	"Sweet Alford"	"PI"	1166	NA	NA	NA	NA	NA	NA	NA	NA	NA	NA	NA	NA	NA	NA	NA	NA	NA	NA	NA	NA	NA	NA	NA	NA	NA	NA	NA	NA	NA	NA	NA	NA	NA	NA	NA	NA	NA	NA	NA	NA	NA	NA	NA	NA	NA	NA	NA
"Coat Jersey"	589175	"2598"	2	"mama"	"Q8Q8"	1.45	4.6	"15 Sept. 2017, 18 Sept. 2019"	"8"	"England"	"Coat Jersey"	"PI"	465	"Coat Jersey"	"10958"	"USDA"	"domestica"	"cider"	"United Kingdom"	"old"	"NA"	"2.4655999999999998"	"17.3"	"105.387"	"4.8693999999999997"	"7.0165476963011004"	"1.9945018928077001"	"12.939239478275301"	"280.88811953102203"	"118.44288588225"	"12.1073401037357"	"8.7461055583002807"	"157.02866005707"	"2.5441135120884599"	"6.7101652652013"	"123.310084726418"	"23.619837558996998"	"42.888527552489499"	"-11.022938005098499"	"-44.324934480366402"	"4.5659446375887303"	"NA"	"NA"	"NA"	"NA"	"NA"	"NA"	"NA"	"NA"	"NA"	"NA"	"NA"	"NA"	"NA"	"NA"	"NA"	"NA"	"13.829151864060901"	"7.10639871012323"	"NA"
"Frequin"	162503	"6564"	2	"mama"	"Q8Q8"	1.48	4.9	"21 Sept. 2017, 24 Sept. 2019"	"7.7"	"France"	"Frequin"	"PI"	768	"Frequin"	"140094"	"USDA"	"domestica"	"cider"	"France"	"old"	"NA"	"NA"	"NA"	"NA"	"NA"	"NA"	"NA"	"NA"	"NA"	"NA"	"NA"	"NA"	"152.04597425933099"	"2.5300870584459001"	"NA"	"NA"	"NA"	"NA"	"NA"	"NA"	"NA"	"NA"	"NA"	"NA"	"NA"	"NA"	"NA"	"NA"	"NA"	"NA"	"NA"	"NA"	"NA"	"NA"	"NA"	"NA"	"NA"	"NA"	"NA"	"NA"
"Binet Rouge"	158730	"2360"	2	"mama"	"Q8Q8"	1.54	4.6	"26 Oct. 2017, 12 Oct. 2018"	"5.6"	"France"	"Binet Rouge"	"PI"	537	"Binet Rouge"	"138366"	"USDA"	"domestica"	"cider"	"France"	"old"	"NA"	"NA"	"NA"	"NA"	"NA"	"NA"	"NA"	"NA"	"NA"	"NA"	"NA"	"NA"	"156.86946900460501"	"2.0322737426936301"	"NA"	"NA"	"NA"	"NA"	"NA"	"NA"	"NA"	"1.407"	"15.7"	"34.682000000000002"	"7.1913999999999998"	"11.158493248045501"	"9.5338245620012305"	"2.6017741737217301"	"278.40719888385502"	"11.0752701189465"	"45.590394249300601"	"3.5062919309007099"	"-45.921517162754199"	"64.676829302850507"	"-23.926957485058299"	"-35.067949379422799"	"218.241990910867"	"NA"	"NA"	"121.306619859638"
"Frequin Audievre"	161838	"n/a"	2	"MaMa"	"Q8Q8"	1.61	4.8	"05 Oct. 2018"	"7.7"	"France"	"Frequin Audievre"	"PI"	723	"Frequin Audievre"	"139563"	"USDA"	"domestica"	"cider"	"United Kingdom"	"old"	"NA"	"NA"	"NA"	"NA"	"NA"	"NA"	"NA"	"NA"	"NA"	"NA"	"NA"	"NA"	"156.902283798909"	"1.01555798372517"	"NA"	"NA"	"NA"	"NA"	"NA"	"NA"	"NA"	"2.0234000000000001"	"13.9"	"49.423999999999999"	"8.0974000000000004"	"6.86962538301868"	"8.9463422630119496"	"2.3372790191131401"	"267.46625941976299"	"10.311752993093499"	"54.509267481273099"	"3.9901781310212501"	"-13.4292489919427"	"55.370760377328899"	"-9.3291796354081704"	"-21.474069390302599"	"72.1633761062307"	"NA"	"NA"	"110.369416628548"
"American Forestier"	173978	"4779"	2	"mama"	"Q8Q8"	1.64	4.5	"06 Oct. 2017, 12 Oct. 2018"	"7.6"	"France"	"American Forestier"	"PI"	436	"American Forestier"	"151023"	"USDA"	"domestica"	"dessert"	"France"	"old"	"NA"	"NA"	"NA"	"87.566999999999993"	"6.0799000000000003"	"NA"	"3.8730890509623901"	"9.7463147372646795"	"311.61564026502299"	"126.825027066651"	"14.478735703008001"	"12.359855814743501"	"154.189626387582"	"1.9879792003705401"	"3.8102242181222099"	"157.37892383742499"	"NA"	"NA"	"-30.954479549229301"	"-50.8092967173001"	"NA"	"NA"	"NA"	"104.208"	"5.1862000000000004"	"NA"	"12.0815742074439"	"2.9451076849264699"	"289.22038785640001"	"10.6665208021415"	"121.68546879502"	"4.0515040060126202"	"NA"	"NA"	"-14.362823242651"	"-51.378710113622297"	"NA"	"9.8024129941708402"	"11.06249770644"	"135.110483633467"
"Dekkers Glorie"	188515	"2497"	2	"Mama"	"q8q8"	1.65	4.3	"21 Sept. 2017, 17 Sept. 2018"	"7.3"	"Northern Europe"	"Dekkers Glorie"	"PI"	375	"Dekkers Glorie"	"161402"	"USDA"	"domestica"	"dessert"	"Netherlands"	"old"	"NA"	"NA"	"NA"	"NA"	"NA"	"NA"	"NA"	"NA"	"NA"	"NA"	"NA"	"NA"	"155.40922082700899"	"2.0677418778149299"	"NA"	"NA"	"NA"	"NA"	"NA"	"NA"	"NA"	"1.5946"	"8.3000000000000007"	"71.656000000000006"	"4.5548000000000002"	"5.2050671014674501"	"10.7564750324172"	"4.1601723416203296"	"254.65114720994501"	"8.5115774339823407"	"117.860405226211"	"2.7682908820735901"	"-61.6698571824328"	"-22.837175050507"	"-39.202652610544"	"-46.487005078341497"	"88.024572676719302"	"NA"	"NA"	"100.683281923823"
"Repinaldo do Liebana"	105528	"n/a"	2	"mama"	"Q8Q8"	1.66	4.5	"29 Sept. 2017, 09 Oct. 2019"	"7.5"	"Spain"	"Repinaldo do Liebana"	"PI"	956	"Repinaldo do Liebana"	"128379"	"USDA"	"domestica"	"dessert"	"Spain"	"old"	"NA"	"NA"	"NA"	"NA"	"NA"	"NA"	"NA"	"NA"	"NA"	"NA"	"NA"	"NA"	"154.17451287012801"	"2.4308784646467099"	"NA"	"NA"	"NA"	"NA"	"NA"	"NA"	"NA"	"2.3852000000000002"	"12.8"	"154.25399999999999"	"5.9177999999999997"	"5.36642629548885"	"10.5815742074439"	"2.0875076849264702"	"289.22038785640001"	"7.4661208021415399"	"181.57546879501999"	"4.9510242618761602"	"14.260657204910601"	"20.9649882811906"	"-15.046894261836201"	"-20.737955401115801"	"8.39022415647133"	"NA"	"NA"	"135.110483633467"
"Dunkerton Late Sweet"	589666	"2595"	2	"mama"	"Q8q8"	1.67	4.7	"19 Oct. 2017, 19 Oct. 2018"	"6.5"	"England"	"Dunkerton Late Sweet"	"PI"	528	"Dunkerton Late Sweet"	"18820"	"USDA"	"domestica"	"cider"	"United Kingdom"	"old"	"NA"	"NA"	"NA"	"NA"	"NA"	"NA"	"1.4181896328499699"	"14.8898259852565"	"306.09709389731302"	"141.130795393906"	"13.788739269423401"	"10.4362364886517"	"153.86651231070101"	"1.9735310867248199"	"8.6737505328473201"	"152.535857653574"	"NA"	"NA"	"NA"	"NA"	"NA"	"NA"	"NA"	"NA"	"NA"	"NA"	"NA"	"NA"	"NA"	"NA"	"NA"	"NA"	"NA"	"NA"	"NA"	"NA"	"NA"	"3.7692293970308199"	"3.6708912830792499"	"NA"
"Pommier Llorca"	240817	"n/a"	2	"mama"	"Q8Q8"	1.72	4.8	"01 Sept. 2017, 07 Sept. 2018"	"7.4"	"Northern Africa"	"Pommier Llorca"	"PI"	1046	"Pommier Llorca"	"187593"	"USDA"	"domestica"	"NA"	"Algeria"	"old"	"NA"	"NA"	"NA"	"NA"	"NA"	"NA"	"NA"	"NA"	"NA"	"NA"	"NA"	"NA"	"152.25575349715101"	"0.99217586630091503"	"NA"	"NA"	"NA"	"NA"	"NA"	"NA"	"NA"	"NA"	"NA"	"NA"	"NA"	"NA"	"11.680650601843499"	"1.9603932156099699"	"240.29825234645699"	"6.1759208021415404"	"97.699344497008894"	"5.9194521443049197"	"NA"	"NA"	"NA"	"NA"	"NA"	"NA"	"NA"	"NA"
"Damelot"	162722	"4696"	2	"mama"	"Q8q8"	1.73	4.6	"19 Oct. 2017, 19 Oct. 2018, 24 Oct. 2019"	"7.4"	"France"	"Damelot"	"PI"	451	"Damelot"	"140209"	"USDA"	"domestica"	"cider"	"France"	"old"	"NA"	"NA"	"NA"	"NA"	"NA"	"NA"	"NA"	"NA"	"NA"	"NA"	"NA"	"NA"	"153.538764819112"	"0.98360180455100898"	"NA"	"NA"	"NA"	"NA"	"NA"	"NA"	"NA"	"NA"	"NA"	"55"	"6.2942"	"NA"	"9.9447727446196197"	"3.0876668990820999"	"267.58358207485702"	"11.3214312082274"	"63.878500936148299"	"3.17381349362058"	"NA"	"NA"	"-13.8990439757237"	"-44.404555535116998"	"NA"	"NA"	"NA"	"113.78315446113"
"Marin Onfroy"	173982	"6559"	2	"mama"	"Q8Q8"	1.81	4.5	"15 Sept. 2017, 20 Sept. 2019"	"7.8"	"France"	"Marin Onfroy"	"PI"	1041	"Marin Onfroy"	"151027"	"USDA"	"domestica"	"cider"	"France"	"old"	"NA"	"1.9563999999999999"	"13.4"	"75.641999999999996"	"6.3673000000000002"	"6.8493150684931496"	"1.81818963284997"	"NA"	"306.34354917181503"	"88.380332239964105"	"12.3109614916456"	"9.8694336392684807"	"160.67266898310299"	"3.0054999440535299"	"6.2154171995139897"	"145.990185110927"	"7.6015375213303997"	"8.8460881718575592"	"-14.4130848087082"	"-35.484646508328503"	"10.1987983852271"	"NA"	"NA"	"NA"	"NA"	"NA"	"NA"	"NA"	"NA"	"NA"	"NA"	"NA"	"NA"	"NA"	"NA"	"NA"	"NA"	"6.7867250659437204"	"6.2393446293857604"	"NA"
"Jouveaux"	162731	"326"	2	"Mama"	"Q8Q8"	1.89	4.3	"21 Sept. 2017, 12 Oct. 2018, 24 Oct. 2019"	"7.7"	"France"	"Jouveaux"	"PI"	904	"Jouveaux"	"140214"	"USDA"	"domestica"	"cider"	"France"	"old"	"NA"	"2.6665999999999999"	"16.100000000000001"	"103.934"	"7.8634000000000004"	"6.0376509412735304"	"2.5182054193519798"	"11.7856725701306"	"306.71607143452502"	"137.572860301231"	"14.650031201319999"	"9.7852813266361593"	"152.98263977849999"	"1.9628473228927601"	"6.0968102151240204"	"153.17798053627999"	"5.8928703555171804"	"9.89737686394386"	"-24.451668902990701"	"-19.640532167477701"	"-0.97033156294970202"	"2.5057999999999998"	"13.85"	"128.37799999999999"	"7.5292000000000003"	"5.6091184485358196"	"13.1616386704705"	"3.7291932156099601"	"281.96756233573097"	"11.4943613093248"	"139.132356343841"	"3.6446293470940598"	"-32.805841501828901"	"5.2300579491967802"	"-7.7295868671005001"	"-34.496577953470698"	"53.900929679120601"	"8.2370089901215895"	"7.7554572879186896"	"129.02750322053001"
"Manch Rouge"	162716	"n/a"	2	"Mama"	"Q8Q8"	1.9	4.2	"05 Oct. 2018, 15 Oct. 2019"	"7"	"France"	"Manche Rouge"	"PI"	1121	"Manche Rouge"	"140204"	"USDA"	"domestica"	"cider"	"France"	"old"	"NA"	"1.1657999999999999"	"14"	"61.674999999999997"	"8.6234000000000002"	"12.008920912678001"	"2.4270051244709099"	"8.9780546184272705"	"268.97216092899498"	"77.604358237253294"	"11.156169415966099"	"8.0723167553947608"	"151.97587636504099"	"1.58121155949276"	"5.2490388192698196"	"117.24291130410199"	"-51.965490791695601"	"25.491102528113"	"-20.526370682112699"	"6.8268287940627204"	"128.78323682026999"	"2.0367999999999999"	"12.4"	"43.56"	"7.1669999999999998"	"6.0879811468970901"	"12.443223879188199"	"4.0334671385832896"	"240.698466878071"	"10.938577433982299"	"70.310974197269601"	"3.32354903478089"	"-49.502501693483403"	"-0.34736881380469797"	"-38.0466555934997"	"-34.479597157353702"	"83.177112273249506"	"11.554361958504501"	"12.0176613120105"	"88.763892289369196"
"Doux Normandie"	589667	"2597"	2	"Mama"	"Q8q8"	1.94	4.2	"29 Sept. 2017, 12 Oct. 2018"	"7.6"	"France"	"Doux Normandie"	"PI"	504	"Doux Normandie"	"18829"	"USDA"	"domestica"	"cider"	"France"	"old"	"NA"	"NA"	"NA"	"NA"	"NA"	"NA"	"NA"	"NA"	"NA"	"NA"	"NA"	"NA"	"153.538764819112"	"1.0020883019603899"	"NA"	"NA"	"NA"	"NA"	"NA"	"NA"	"NA"	"NA"	"NA"	"NA"	"NA"	"NA"	"NA"	"NA"	"NA"	"NA"	"NA"	"NA"	"NA"	"NA"	"NA"	"NA"	"NA"	"NA"	"NA"	"NA"
"Muscadet de Dieppe"	589493	"2213"	2	"Mama"	"Q8Q8"	1.95	4.6	"16 Sept. 2018, 24 Sept. 2019"	"6.7"	"France"	"Muscadet de Dieppe"	"PI"	990	"Muscadet de Dieppe"	"17580"	"USDA"	"domestica"	"cider"	"France"	"old"	"NA"	"NA"	"NA"	"NA"	"NA"	"NA"	"NA"	"NA"	"NA"	"NA"	"NA"	"NA"	"153.97327950705099"	"2.97615130529514"	"NA"	"NA"	"NA"	"NA"	"NA"	"NA"	"NA"	"NA"	"NA"	"NA"	"NA"	"NA"	"12.9671307959225"	"1.9821612923998699"	"255.54473453806"	"8.7040810348823694"	"108.418567672298"	"6.07987184844891"	"NA"	"NA"	"NA"	"NA"	"NA"	"NA"	"NA"	"101.633169745826"
"Royal Jersey"	175545	"2549"	2	"Mama"	"Q8Q8"	1.99	4.4	"06 Oct. 2017"	"7.9"	"England"	"Royal Jersey"	"PI"	1134	"Royal Jersey"	"152073"	"USDA"	"domestica"	"cider"	"United Kingdom"	"old"	"NA"	"NA"	"NA"	"NA"	"NA"	"NA"	"NA"	"NA"	"NA"	"NA"	"NA"	"NA"	"155.398995577562"	"2.5322737432440499"	"NA"	"NA"	"NA"	"NA"	"NA"	"NA"	"NA"	"3.7385999999999999"	"14.1"	"88.62"	"9.6986000000000008"	"3.7714652543732901"	"13.525875303800699"	"2.7313957032108198"	"260.48922928722698"	"11.6508312082274"	"88.907008681415903"	"4.6150593822894601"	"36.875078027148803"	"4.2446398721269798"	"-0.32281896070122901"	"-16.756153902983399"	"-18.279160852263502"	"NA"	"NA"	"106.451476991878"
"Major"	150649	"6559"	2	"Mama"	"Q8Q8"	2.03	4.5	"06 Oct. 2017, 27 Sept. 2018"	"7.9"	"England"	"Major"	"PI"	1053	"Major"	"136159"	"USDA"	"domestica"	"cider"	"United Kingdom"	"old"	"NA"	"NA"	"NA"	"NA"	"NA"	"NA"	"2.85282773430604"	"18.7856725701306"	"261.30464390403898"	"100.38400257039299"	"12.50905668555"	"5.6143656352985802"	"157.33664986193301"	"1.9142798013048401"	"4.1089570901798496"	"103.564437366283"	"NA"	"NA"	"NA"	"NA"	"NA"	"NA"	"NA"	"NA"	"NA"	"NA"	"13.087055418982899"	"2.1869816573299699"	"247.506647052521"	"7.1927764646281096"	"88.244211743054095"	"5.5856655738380603"	"NA"	"NA"	"NA"	"NA"	"NA"	"5.9686224543985302"	"5.5467263500692203"	"NA"
"C'Huero Biz Bras"	187297	"n/a"	2	"mama"	"Q8Q8"	2.06	4.6	"21 Sept. 2017, 20 Sept. 2019"	"6.9"	"France"	"C'Huero Biz Bras"	"PI"	531	"C'Huero Biz Bras"	"161197"	"USDA"	"domestica"	"cider"	"France"	"old"	"NA"	"NA"	"NA"	"NA"	"NA"	"NA"	"NA"	"NA"	"NA"	"NA"	"NA"	"NA"	"NA"	"3.9963725311531499"	"NA"	"NA"	"NA"	"NA"	"NA"	"NA"	"NA"	"NA"	"NA"	"NA"	"NA"	"NA"	"NA"	"NA"	"NA"	"NA"	"NA"	"NA"	"NA"	"NA"	"NA"	"NA"	"NA"	"NA"	"NA"	"NA"
"Frequin Tardive de la Sarthe"	589689	"367"	2	"mama"	"Q8Q8"	2.07	4.4	"26 Oct. 2017, 24 Oct. 2019"	"7.6"	"France"	"Frequin Tardive de la Sarthe"	"PI"	794	"Frequin Tardive de la Sarthe"	"19007"	"USDA"	"domestica"	"cider"	"France"	"old"	"NA"	"NA"	"NA"	"NA"	"NA"	"NA"	"NA"	"NA"	"NA"	"NA"	"NA"	"NA"	"153.717947054131"	"0.95766480750749405"	"NA"	"NA"	"NA"	"NA"	"NA"	"NA"	"NA"	"NA"	"NA"	"NA"	"NA"	"NA"	"NA"	"NA"	"NA"	"NA"	"NA"	"NA"	"NA"	"NA"	"NA"	"NA"	"NA"	"NA"	"NA"	"NA"
"Pomme Thoury"	162548	"4184"	2	"mama"	"Q8Q8"	2.08	4.2	"21 Sept. 2017, 16 Sept. 2018, 24 Oct. 2019"	"7.6"	"France"	"Pomme Thoury"	"PI"	945	"Pomme Thoury"	"140133"	"USDA"	"domestica"	"cider"	"France"	"old"	"NA"	"NA"	"NA"	"NA"	"NA"	"NA"	"2.71818963284997"	"8.4898259852564504"	"306.09709389731302"	"130.130795393906"	"15.633183713867799"	"8.3322364886517093"	"160.76687070771399"	"2.5449066225375101"	"5.4558386554526699"	"145.535857653574"	"NA"	"NA"	"NA"	"NA"	"NA"	"1.8224"	"12.4"	"81.042000000000002"	"8.8596000000000004"	"6.8042142230026297"	"11.5114034680982"	"3.3865340050851001"	"269.16471943561402"	"11.622083564158901"	"101.99806778832"	"3.4520395571395901"	"-46.1868684246623"	"7.7192718886483904"	"-20.545553697949298"	"-23.769262618951299"	"97.107075697611606"	"NA"	"NA"	"108.324202268528"
"Twistbody Jersey"	175551	"2561"	2	"mama"	"Q8Q8"	2.08	4.4	"15 Sept. 2017, 18 Sept. 2019"	"7.8"	"England"	"Twistbody Jersey"	"PI"	1130	"Twistbody Jersey"	"152079"	"USDA"	"domestica"	"cider"	"United Kingdom"	"old"	"NA"	"2.0367999999999999"	"13"	"87.376000000000005"	"8.5503999999999998"	"6.3825608798114697"	"2.8126419184031399"	"19.878054618427299"	"277.16318264765903"	"104.196650938468"	"12.231937072171"	"7.72632349292304"	"159.17905308507099"	"1.4671282547401301"	"4.5916117468005098"	"118.14057703232"	"-27.584098541901099"	"6.2791602286478998"	"-16.143178103105502"	"10.665829716187501"	"39.004803362542901"	"NA"	"NA"	"NA"	"NA"	"NA"	"NA"	"NA"	"NA"	"NA"	"NA"	"NA"	"NA"	"NA"	"NA"	"NA"	"NA"	"5.69639615770883"	"5.7704842268991801"	"NA"
"Belle de Crollon"	162544	"4625"	2	"mama"	"Q8Q8"	2.09	4.2	"06 Oct. 2017, 05 Oct. 2018, 24 Oct. 2019"	"7.9"	"France"	"Belle de Crollon"	"PI"	429	"Belle de Crollon"	"140130"	"USDA"	"domestica"	"cider"	"France"	"old"	"NA"	"NA"	"NA"	"NA"	"NA"	"NA"	"NA"	"NA"	"NA"	"NA"	"NA"	"NA"	"153.538764819112"	"0.98958943738552596"	"NA"	"NA"	"NA"	"NA"	"NA"	"NA"	"NA"	"NA"	"NA"	"NA"	"NA"	"NA"	"NA"	"NA"	"NA"	"NA"	"NA"	"NA"	"NA"	"NA"	"NA"	"NA"	"NA"	"NA"	"NA"	"NA"
"Fillbarrel"	589679	"2592"	2	"mama"	"Q8Q8"	2.16	4.2	"29 Sept. 2017, 30 Oct. 2019"	"7.9"	"England"	"Fillbarrel"	"PI"	776	"Fillbarrel"	"18919"	"USDA"	"domestica"	"cider"	"United Kingdom"	"old"	"NA"	"NA"	"NA"	"87.419416666666706"	"5.0923166666666697"	"NA"	"4.6198692543312898"	"10.9227683139357"	"300.36796174199299"	"115.997457403528"	"14.188933796679301"	"6.7421210285911899"	"154.92290367851001"	"2.26932031625305"	"4.0794517089103897"	"145.462530080997"	"NA"	"NA"	"-24.636782026561999"	"-24.4701089601955"	"NA"	"NA"	"NA"	"NA"	"NA"	"NA"	"NA"	"NA"	"NA"	"NA"	"NA"	"NA"	"NA"	"NA"	"NA"	"NA"	"NA"	"7.8635425010943498"	"11.4470077068089"	"NA"
"Frequin Lacaille"	247314	"6644.1"	2	"mama"	"Q8Q8"	2.16	4.4	"21 Sept. 2017, 27 Sept. 2018, 09 Oct. 2019"	"8"	"France"	"Frequin Lacaille"	"PI"	872	"Frequin Lacaille"	"190015"	"USDA"	"domestica"	"cider"	"France"	"old"	"NA"	"NA"	"NA"	"NA"	"NA"	"NA"	"NA"	"NA"	"NA"	"NA"	"NA"	"NA"	"152.84851497032"	"1.0449066223966099"	"NA"	"NA"	"NA"	"NA"	"NA"	"NA"	"NA"	"NA"	"NA"	"NA"	"NA"	"NA"	"NA"	"NA"	"NA"	"NA"	"NA"	"NA"	"NA"	"NA"	"NA"	"NA"	"NA"	"NA"	"NA"	"NA"
"Crow Egg"	589196	"4674"	2	"Mama"	"Q8Q8"	2.18	4	"19 Oct. 2017, 12 Oct. 2018"	"7.3"	"North America"	"Crow Egg"	"PI"	396	"Crow Egg"	"11389"	"USDA"	"domestica"	"cider"	"United States"	"new"	"NA"	"NA"	"NA"	"115.293333333333"	"4.1246666666666698"	"NA"	"4.08341157060363"	"12.328420655445401"	"306.82555616783901"	"118.646077859706"	"12.7627172308409"	"7.1340274594769202"	"151.45733731030001"	"1.71483064325775"	"3.1099584240710301"	"155.033816021777"	"NA"	"NA"	"-2.8258367970136198"	"-42.1831960965132"	"NA"	"2.4790000000000001"	"11.5"	"85.006"	"3.9670000000000001"	"4.6389673255344901"	"10.9467306232319"	"4.7062078712406201"	"274.27920577414199"	"7.8834336825079001"	"86.386100182023199"	"2.16798763280062"	"-47.324893676094597"	"5.0541974203139102"	"-1.59759519079482"	"-49.679287481010299"	"113.975728244439"	"3.9417504309032498"	"4.1180403246908197"	"124.201207998917"
"White Jersey"	175553	"2568"	2	"mama"	"Q8Q8"	2.21	4.5	"21 Sept. 2017, 07 Sept. 2018, 09 Oct. 2019"	"7.1"	"England"	"White Jersey"	"PI"	1156	"White Jersey"	"152081"	"USDA"	"domestica"	"cider"	"United Kingdom"	"old"	"NA"	"3.1356000000000002"	"13.1"	"62.923000000000002"	"3.5265"	"4.1778288046944798"	"1.7126419184031501"	"10.412184677846"	"282.60460487466003"	"69.415330960930902"	"11.3824189905193"	"4.1292329585210696"	"157.07875203539399"	"1.98884662091363"	"6.9828154505042397"	"125.368035471844"	"83.085557249678999"	"15.0897714353277"	"-9.3528776295613802"	"-14.5967293338893"	"-40.169852199189997"	"NA"	"NA"	"NA"	"NA"	"NA"	"NA"	"NA"	"NA"	"NA"	"NA"	"NA"	"NA"	"NA"	"NA"	"NA"	"NA"	"5.5113804313980301"	"5.1169938215743196"	"NA"
"Launette"	162732	"n/a"	2	"mama"	"Q8Q8"	2.28	4.3	"29 Sept. 2017, 27 Sept. 2018, 15 Oct. 2019"	"7.3"	"France"	"Launette"	"PI"	731	"Launette"	"140215"	"USDA"	"domestica"	"cider"	"France"	"old"	"NA"	"2.7336"	"14.6"	"68.635999999999996"	"4.4791999999999996"	"5.3409423470880899"	"3.9829137537091799"	"10.5608926106443"	"289.40168865235597"	"90.055064383486197"	"13.2809429968204"	"6.9157871833675504"	"153.13191469726601"	"2.03008705963369"	"3.3716653193214499"	"134.888961519334"	"-31.366829184933501"	"9.9319529004483798"	"-23.7844084950917"	"-35.232246435048403"	"58.406657875609"	"4.0065999999999997"	"16.399999999999999"	"90.85"	"6.3869999999999996"	"4.09324614386263"	"13.816204214773499"	"3.8364558586382098"	"267.55190134397901"	"8.6507676629024797"	"95.276042800931705"	"3.6840287281085602"	"4.4349302489351299"	"18.701198571338999"	"-4.6454939466571004"	"-26.1684020553495"	"11.1078779769497"	"10.2727647434162"	"13.1225486323562"	"115.458375162225"
"La Paix"	589598	"488"	2	"Mama"	"Q8q8"	2.42	3.9	"15 Sept. 2017, 07 Sept. 2018"	"7.2"	"Central Europe"	"La Paix"	"PI"	814	"La Paix"	"18362"	"USDA"	"domestica"	"dessert"	"Belgium"	"old"	"NA"	"NA"	"NA"	"NA"	"NA"	"NA"	"4.4847650336789799"	"9.0608926106443093"	"288.278598620514"	"189.76734334328401"	"13.3981786866453"	"4.3141999015311603"	"156.870499964613"	"1.53245830980607"	"2.8876235301869202"	"131.18378813687701"	"NA"	"NA"	"NA"	"NA"	"NA"	"2.5125000000000002"	"13.2"	"177.398"	"4.18"	"5.4338423792523196"	"13.498234827631499"	"4.2506477107363896"	"260.62227190439802"	"7.2209372024556204"	"168.379251115817"	"2.87593349756599"	"-40.8913612470432"	"-2.2094357628228498"	"5.3562115429409998"	"-42.112777291865797"	"88.941864749347801"	"NA"	"NA"	"103.647989794227"
"Medaille d'Or"	594108	"256"	2	"mama"	"Q8Q8"	2.42	4.3	"29 Sept. 2017, 27 Sept. 2018"	"7.5"	"France"	"Medaille d'Or"	"PI"	207	"Medaille d'Or"	"18993"	"USDA"	"domestica"	"cider"	"France"	"old"	"NA"	"NA"	"NA"	"NA"	"NA"	"NA"	"NA"	"NA"	"NA"	"NA"	"NA"	"NA"	"NA"	"NA"	"NA"	"NA"	"NA"	"NA"	"NA"	"NA"	"NA"	"NA"	"NA"	"NA"	"NA"	"NA"	"NA"	"NA"	"NA"	"NA"	"NA"	"NA"	"NA"	"NA"	"NA"	"NA"	"NA"	"NA"	"NA"	"NA"
"Daux Belan"	162062	"4708"	2	"mama"	"Q8Q8"	2.51	4.5	"06 Oct. 2017, 05 Oct. 2018, 24 Oct. 2019"	"6.4"	"France"	"Daux Belan"	"PI"	477	"Daux Belan"	"139795"	"USDA"	"domestica"	"NA"	"France"	"old"	"NA"	"NA"	"11.6"	"56.261000000000003"	"6.2111999999999998"	"NA"	"1.8980359563982501"	"20.1339403018419"	"306.01204707510902"	"71.524732426581707"	"13.080964920233599"	"8.4923229908100595"	"153.077063418775"	"1.9486417578811699"	"6.9465465519790603"	"153.01285877193899"	"NA"	"-11.321526578997601"	"-21.340495670150901"	"-26.861001321765201"	"NA"	"NA"	"NA"	"NA"	"NA"	"NA"	"NA"	"NA"	"NA"	"NA"	"NA"	"NA"	"NA"	"NA"	"NA"	"NA"	"NA"	"23.4319573964091"	"26.435785049765101"	"NA"
"Geeveston Fanny"	589123	"4674"	2	"Mama"	"Q8Q8"	2.51	4	"26 Oct. 2017, 05 Oct. 2018"	"7.8"	"Australia"	"Geeveston Fanny"	"PI"	901	"Geeveston Fanny"	"9483"	"USDA"	"domestica"	"cider"	"Australia"	"new"	"NA"	"2.2646000000000002"	"11.7"	"69.775000000000006"	"3.7254"	"5.1664753157290502"	"2.4528277343060401"	"12.8856725701306"	"310.30464390403898"	"99.084002570393196"	"11.6868344633278"	"6.2283656352985801"	"152.33664986193301"	"1.4946189241454699"	"4.4039258941092196"	"157.56443736628299"	"-7.6739076158274804"	"0.112652718009408"	"-29.579954190456601"	"-40.186555861674201"	"17.315219192035698"	"4.0602"	"11.9"	"123.084"	"5.1284000000000001"	"2.93089010393577"	"11.0417738202017"	"8.7433526442326404"	"268.32516848048198"	"8.1753090296655309"	"150.479779817186"	"1.3198010167743699"	"-53.562435770239397"	"7.7725390301702797"	"-18.205621945000502"	"-37.269649607241703"	"122.07060509007199"	"4.8397602118869498"	"5.43471106343753"	"NA"
"Djulabia"	264689	"n/a"	2	"Mama"	"Q8Q8"	2.56	3.8	"21 Sept. 2017, 17 Sept. 2018"	"n/a"	"Central Europe"	"Djulabia"	"PI"	184	"Djulabia"	"200180"	"USDA"	"domestica"	"NA"	"Serbia"	"old"	"NA"	"3.1088"	"13.1"	"114.623"	"3.9260999999999999"	"4.2138445702521903"	"3.7126419184031501"	"11.978054618427301"	"312.592119609951"	"171.696650938468"	"13.031937072171001"	"6.08532349292304"	"155.426088664795"	"1.99647689391939"	"3.6842043393931001"	"158.517602675147"	"-16.264480433999701"	"0.52227790429055698"	"-33.240980896547498"	"-35.482476739882799"	"14.3759732649991"	"3.3231999999999999"	"12.8"	"NA"	"NA"	"3.8517091959557099"	"11.768603631662099"	"5.6410842391438196"	"275.09634361403602"	"9.1975460625424592"	"167.33083350620601"	"2.09027098370353"	"-41.0893392277301"	"8.7639655529144207"	"NA"	"NA"	"84.268414286231604"	"4.6355491459870102"	"4.5882891229878702"	"119.611342887326"
"Hubbardston Nonsuch"	589202	"941"	2	"Mama"	"Q8q8"	2.66	3.8	"27 Sept. 2018"	"5.5"	"North America"	"Hubbardston Nonsuch"	"PI"	862	"Hubbardston Nonsuch"	"11766"	"USDA"	"domestica"	"dessert"	"United States"	"new"	"NA"	"NA"	"NA"	"NA"	"NA"	"NA"	"6.1834299943933697"	"10.860892610644299"	"299.13955211979101"	"160.88218407977001"	"13.1494372127407"	"9.0543787457432501"	"153.97293661976599"	"1.9106774342942501"	"2.1205049261811899"	"145.20850733794299"	"NA"	"NA"	"NA"	"NA"	"NA"	"NA"	"NA"	"NA"	"NA"	"NA"	"13.451070536485201"	"6.4067722042621398"	"289.13098236625399"	"10.2388638137969"	"281.76940226104801"	"2.1329989686990798"	"NA"	"NA"	"NA"	"NA"	"NA"	"NA"	"NA"	"135.119295624214"
"Noel Deschamps"	173986	"4728"	2	"mama"	"Q8Q8"	2.72	4.2	"19 Oct. 2017, 24 Oct. 2019"	"7.8"	"France"	"Noel Deschamps"	"PI"	1026	"Noel Deschamps"	"151031"	"USDA"	"domestica"	"cider"	"France"	"old"	"NA"	"NA"	"NA"	"NA"	"NA"	"NA"	"NA"	"NA"	"NA"	"NA"	"NA"	"NA"	"154.07066152277"	"1.48878431956935"	"NA"	"NA"	"NA"	"NA"	"NA"	"NA"	"NA"	"NA"	"13.2"	"40.118000000000002"	"6.2515999999999998"	"NA"	"9.4610486289402207"	"2.6374169980436801"	"278.66023072724198"	"13.204076005184501"	"49.837736065151297"	"3.80195010692871"	"NA"	"39.519418171287803"	"-19.502764034957298"	"-52.654013824629999"	"NA"	"NA"	"NA"	"124.761277710982"
"Empire"	588842	"656"	2	"MaMa"	"Q8q8"	3.11	3.6	"19 Oct. 2018"	"7.3"	"North America"	"Empire"	"PI"	171	"Empire"	"3692"	"USDA"	"domestica"	"dessert"	"United States"	"new"	"1966"	"2.8675999999999999"	"11"	"111.02800000000001"	"4.4509999999999996"	"3.8359603849909298"	"4.2039381035000902"	"18.04277710777"	"305.86923632928898"	"121.440081297765"	"11.9994659941237"	"6.2817862842194296"	"153.19765944148099"	"1.7218554539487501"	"2.9022400327548401"	"151.76065486548299"	"-31.787768292484799"	"-8.3292539402432695"	"-8.5738424962307906"	"-29.1443580119651"	"32.172402754357698"	"4.5292000000000003"	"11.3"	"95.707999999999998"	"5.5571999999999999"	"2.4949218405016298"	"11.337923366479499"	"8.1013057003969795"	"275.09435470194597"	"8.7945191293737608"	"145.23078999224899"	"1.3703083791508299"	"-44.092962696395197"	"-0.33448247314511398"	"-34.099373827610499"	"-36.810644013054599"	"82.070100311852002"	"1.5389455252434301"	"1.4611256628153"	"121.735396353967"
"Bella de Jardins"	105498	"96"	2	"Mama"	"Q8Q8"	3.12	3.7	"21 Sept. 2017, 27 Sept. 2018"	"7.8"	"France"	"Bella de Jardins"	"PI"	507	"Bella de Jardins"	"128375"	"USDA"	"domestica"	"NA"	"Spain"	"old"	"NA"	"NA"	"NA"	"NA"	"NA"	"NA"	"NA"	"NA"	"NA"	"NA"	"NA"	"NA"	"151.943019904397"	"1.0441135114085001"	"NA"	"NA"	"NA"	"NA"	"NA"	"NA"	"NA"	"5.4672000000000001"	"9.5"	"128.74600000000001"	"4.0242000000000004"	"1.73763535264852"	"12.328510875108901"	"6.3048788106160298"	"257.38353961600501"	"7.2588055582451201"	"155.02716834767099"	"1.92481857184441"	"-13.286200032989701"	"-22.942842844220799"	"-16.952621032677101"	"-44.561126927707797"	"-9.7247201338319496"	"NA"	"NA"	"105.338673791837"
"Hudson's Golden Gem"	590157	"6528"	2	"Mama"	"q8q8"	3.14	4	"25 Oct. 2018"	"7.3"	"North America"	"Hudson's Golden Gem"	"PI"	765	"Hudson's Golden Gem"	"24859"	"USDA"	"domestica"	"dessert"	"United States"	"new"	"1931"	"NA"	"NA"	"NA"	"NA"	"NA"	"NA"	"NA"	"NA"	"NA"	"NA"	"NA"	"154.022252598422"	"2.04246405710373"	"NA"	"NA"	"NA"	"NA"	"NA"	"NA"	"NA"	"2.5594000000000001"	"16.100000000000001"	"206.13399999999999"	"5.6825999999999999"	"6.2905368445729497"	"11.649308680653601"	"4.6431856114164596"	"275.08161700885898"	"11.450872541248501"	"245.46526598751799"	"2.4677073628783601"	"-44.878361233135699"	"38.205626113572002"	"-16.0231492750253"	"-50.374087393514699"	"154.91421467558499"	"NA"	"NA"	"120.97114158066699"
"Blahova Oranzova Renetor"	341067	"931"	2	"Mama"	"Q8q8"	3.15	4	"21 Sept. 2017, 05 Oct. 2018"	"7.9"	"Central Europe"	"Blahova Oranzova Renetor"	"PI"	509	NA	NA	NA	NA	NA	NA	NA	NA	NA	NA	NA	NA	NA	NA	NA	NA	NA	NA	NA	NA	NA	NA	NA	NA	NA	NA	NA	NA	NA	NA	NA	NA	NA	NA	NA	NA	NA	NA	NA	NA	NA	NA	NA	NA	NA	NA	NA
"Langworthy"	161851	"2505"	2	"Mama"	"Q8Q8"	3.61	3.6	"06 Oct. 2017"	"8"	"England"	"Langworthy"	"PI"	870	"Langworthy"	"139575"	"USDA"	"domestica"	"cider"	"United Kingdom"	"old"	"NA"	"NA"	"NA"	"NA"	"NA"	"NA"	"NA"	"NA"	"NA"	"NA"	"NA"	"NA"	"154.11293180034201"	"3.03476694108052"	"NA"	"NA"	"NA"	"NA"	"NA"	"NA"	"NA"	"NA"	"NA"	"NA"	"NA"	"NA"	"NA"	"NA"	"NA"	"NA"	"NA"	"NA"	"NA"	"NA"	"NA"	"NA"	"NA"	"NA"	"NA"	"NA"
"Ben Davis"	588953	"106"	2	"Mama"	"q8q8"	3.64	3.7	"19 Oct. 2017, 14 Nov. 2018"	"7"	"North America"	"Ben Davis"	"PI"	535	NA	NA	NA	NA	NA	NA	NA	NA	NA	NA	NA	NA	NA	NA	NA	NA	NA	NA	NA	NA	NA	NA	NA	NA	NA	NA	NA	NA	NA	NA	NA	NA	NA	NA	NA	NA	NA	NA	NA	NA	NA	NA	NA	NA	NA	NA	NA
"Macoun"	589895	"1055.0999999999999"	2	"Mama"	"Q8Q8"	3.72	3.6	"17 Sept. 2018"	"5.7"	"North America"	"Macoun"	"PI"	1228	"Macoun"	"21865"	"Kentville"	"domestica"	"dessert"	"United States"	"new"	"1923"	"NA"	"NA"	"NA"	"NA"	"NA"	"5.0182054193519896"	"16.578054618427299"	"292.88820376921501"	"200.483992424853"	"12.7389200902089"	"6.5534718761252302"	"153.202409092485"	"1.6691241394148599"	"2.5983219309214598"	"139.576265907932"	"NA"	"NA"	"NA"	"NA"	"NA"	"5.8155999999999999"	"13.6"	"NA"	"NA"	"2.3385377261159599"	"11.960765097815401"	"8.0545270189119993"	"257.29531421197998"	"8.9446426903335094"	"127.350884967814"	"1.57390301628458"	"-27.797125934955702"	"13.705100708682901"	"NA"	"NA"	"48.582072841845601"	"1.75549222970857"	"2.34137161084529"	"103.315937217936"
"Macoun"	589895	"1055.0999999999999"	2	"Mama"	"Q8Q8"	3.72	3.6	"17 Sept. 2018"	"5.7"	"North America"	"Macoun"	"PI"	1229	"Macoun"	"21865"	"USDA"	"domestica"	"dessert"	"United States"	"new"	"1923"	"3.6581999999999999"	"12.9"	"141.835555555556"	"4.4234444444444403"	"3.5263244218468102"	"4.6829137537091796"	"13.9463147372647"	"283.381208036337"	"173.08380278849401"	"11.7253874412649"	"6.29316169563735"	"153.755899227253"	"1.1458943166026001"	"2.48108702172564"	"129.526383385749"	"-21.881969380656201"	"10.017686533762699"	"-18.053825216171699"	"-29.710300507439101"	"42.128203927091199"	"NA"	"NA"	"NA"	"NA"	"NA"	"11.677547629412199"	"9.6953774237596999"	"254.19410913825499"	"8.9517774339823397"	"138.663397631686"	"1.1027342011447001"	"NA"	"NA"	"NA"	"NA"	"NA"	"NA"	"NA"	"100.121506790498"
"Redstreak"	175543	"n/a"	2	"MaMa"	"Q8q8"	3.9	3.9	"25 Oct. 2018"	"7"	"England"	"Redstreak"	"PI"	1018	"Redstreak"	"152071"	"USDA"	"domestica"	"dessert"	"United Kingdom"	"old"	"1949"	"NA"	"NA"	"NA"	"NA"	"NA"	"NA"	"NA"	"NA"	"NA"	"NA"	"NA"	"NA"	"3.9142798002892101"	"NA"	"NA"	"NA"	"NA"	"NA"	"NA"	"NA"	"NA"	"NA"	"NA"	"NA"	"NA"	"NA"	"NA"	"NA"	"NA"	"NA"	"NA"	"NA"	"NA"	"NA"	"NA"	"NA"	"NA"	"NA"	"NA"
"Pohorka"	588745	"2699"	2	"Mama"	"Q8q8"	3.93	3.6	"06 Oct. 2017"	"8"	"Former USSR"	"Pohorka"	"PI"	1027	NA	NA	NA	NA	NA	NA	NA	NA	NA	NA	NA	NA	NA	NA	NA	NA	NA	NA	NA	NA	NA	NA	NA	NA	NA	NA	NA	NA	NA	NA	NA	NA	NA	NA	NA	NA	NA	NA	NA	NA	NA	NA	NA	NA	NA	NA	NA
"Gewurzluiken"	132225	"315"	2	"Mama"	"Q8q8"	3.95	3.7	"29 Sept. 2017"	"8"	"Central Europe"	"Gewurzluiken"	"PI"	714	"Gewurzluiken"	"134066"	"USDA"	"domestica"	"dessert"	"Germany"	"old"	"NA"	"5.2527999999999997"	"13.6"	"166.67400000000001"	"5.8006000000000002"	"2.5890953396283898"	"6.0945018928076999"	"13.7392394782753"	"308.88811953102203"	"186.64288588225"	"12.585117881513399"	"7.8321055583002801"	"154.19545780823501"	"1.9784599363748201"	"2.0940321829664801"	"154.31008472641801"	"-13.810839796456801"	"8.0641447147458702"	"-10.698980455568"	"-25.938178988756601"	"23.641621207587399"	"7.6982999999999997"	"13.5"	"227.97399999999999"	"6.2459499999999997"	"1.7544416682745601"	"12.0233024583641"	"10.689270744936101"	"268.55885231590798"	"9.4575573586951407"	"243.39975336797701"	"1.1420806737784499"	"-27.9810551749102"	"12.281962852964901"	"-6.3376207882413196"	"-33.9581060615238"	"53.618015658226703"	"6.4075931673135198"	"7.2385861609721003"	"114.5945052695"
"Kingston Black"	589703	"632"	2	"Mama"	"Q8Q8"	3.97	3.8	"21 Sept. 2017, 07 Sept. 2018, 09 Oct. 2019"	"6.7"	"England"	"Kingston Black"	"PI"	750	NA	NA	NA	NA	NA	NA	NA	NA	NA	NA	NA	NA	NA	NA	NA	NA	NA	NA	NA	NA	NA	NA	NA	NA	NA	NA	NA	NA	NA	NA	NA	NA	NA	NA	NA	NA	NA	NA	NA	NA	NA	NA	NA	NA	NA	NA	NA
"Jefferis"	589185	"2865"	2	"Mama"	"Q8Q8"	3.98	3.7	"21 Sept. 2017, 07 Sept. 2018"	"5.8"	"North America"	"Jefferis"	"PI"	779	"Jefferis"	"11133"	"USDA"	"domestica"	"dessert"	"United States"	"new"	"1848"	"4.8239999999999998"	"13"	"122.86"	"2.4283000000000001"	"2.6948590381426198"	"5.0635358501973498"	"4.4780546184272803"	"274.685241374464"	"157.50200984254499"	"11.4298715495707"	"4.4625073487379696"	"151.90873564133801"	"1.4928177409532299"	"2.2487678545066401"	"122.681946416388"	"-4.7306044093282003"	"13.737061205104"	"-21.994646212563701"	"-45.584403335789702"	"19.837138046152301"	"3.7654000000000001"	"10.3"	"62.558"	"4.7480000000000002"	"2.73543315451214"	"10.3991915603953"	"4.2468125850102103"	"239.15913636061899"	"7.5191011629656597"	"56.782808753954001"	"2.4152813521015801"	"-11.335856607127701"	"-0.95383915008416997"	"10.170668504741499"	"-36.854154544619703"	"13.2552591494978"	"3.7046177332480998"	"3.63445462612717"	"87.163384276825994"
"Lande"	162724	"67.2"	2	"Mama"	"Q8Q8"	4	3.7	"21 Sept. 2017, 12 Oct. 2018"	"6.3"	"France"	"Lande"	"PI"	789	"Lande"	"140211"	"USDA"	"domestica"	"NA"	"France"	"old"	"NA"	"3.149"	"13.9"	"115.514"	"6.7164000000000001"	"4.4140997141949798"	"4.1834299943933697"	"14.539825985256501"	"313.43197454026699"	"102.663925025807"	"12.3313816571851"	"10.641878044252699"	"161.110625628441"	"1.49707148649929"	"2.8689266433528999"	"152.50811486872999"	"-24.726838880528899"	"12.7205400531977"	"12.5166410411085"	"-36.887079779801802"	"53.8589257561582"	"3.7787999999999999"	"13.8"	"103.815"	"7.91"	"3.6519530009526799"	"11.3696428218976"	"6.9573601973832897"	"282.91333360895601"	"10.357776464628101"	"139.777256922866"	"1.68079657811195"	"-45.686296342379499"	"21.3758445728973"	"-25.728260601587898"	"-23.632258071867799"	"117.275133023827"	"3.37820904321977"	"3.1174483419931001"	"121.993183326021"
"Cortland"	588848	"503"	2	"Mama"	"Q8Q8"	4.1	3.6	"12 Oct. 2018"	"5"	"North America"	"Cortland"	"PI"	134	"Cortland"	"3780"	"USDA"	"domestica"	"dessert"	"United States"	"new"	"1915"	"5.7619999999999996"	"13.5"	"166.07400000000001"	"4.1284999999999998"	"2.34293648038875"	"6.0383596056976403"	"16.6694736145358"	"299.37323293545001"	"225.019453989406"	"13.0620046318821"	"6.03196323484375"	"153.13184763040999"	"2.0356652897496001"	"2.1610306070836902"	"146.01802175493299"	"-4.5767331484675902"	"3.3532017516578501"	"-26.1957146123824"	"-31.556280446942399"	"8.4175519175335403"	"6.3917999999999999"	"14.4"	"NA"	"NA"	"2.25288651084202"	"13.077109179465999"	"8.7968262809046802"	"267.60653303275399"	"7.8016820902260298"	"243.785047443259"	"1.5241842045796701"	"-27.339704162685202"	"10.1160799560444"	"NA"	"NA"	"47.8093332861501"	"3.9486308179087102"	"4.2138497279395404"	"114.549001059622"
"Northern Spy"	588872	"23"	2	"Mama"	"Q8q8"	4.26	3.5	"06 Oct. 2017"	"8"	"North America"	"Northern Spy"	"PI"	136	"Northern Spy"	"4166"	"USDA"	"domestica"	"dessert"	"United States"	"new"	"1840"	"6.1908000000000003"	"14"	"245.90100000000001"	"5.4012000000000002"	"2.2614201718679299"	"6.9618977598151197"	"16.612184677845999"	"310.31963569198803"	"266.38226358283299"	"13.018067016068199"	"6.0420953501893901"	"154.20978919878701"	"2.6596090949808802"	"1.84974782151091"	"157.02825749055901"	"-11.0759707542099"	"7.5428478184956402"	"-7.6886739031948403"	"-10.6071704109949"	"22.255593198685698"	"NA"	"NA"	"NA"	"NA"	"NA"	"NA"	"NA"	"NA"	"NA"	"NA"	"NA"	"NA"	"NA"	"NA"	"NA"	"NA"	"4.4837795859449896"	"4.4854027114632302"	"NA"
"Drap d'Or Guemene"	131823	"92"	2	"Mama"	"Q8q8"	4.31	3.7	"06 Oct. 2017, 05 Oct. 2018"	"7.6"	"France"	"Drap d'Or Guemene"	"PI"	536	"Drap d'Or Guemene"	"134022"	"USDA"	"domestica"	"NA"	"France"	"old"	"NA"	"NA"	"NA"	"NA"	"NA"	"NA"	"NA"	"NA"	"NA"	"NA"	"NA"	"NA"	"152.17062134417"	"1.50141769195356"	"NA"	"NA"	"NA"	"NA"	"NA"	"NA"	"NA"	"NA"	"NA"	"NA"	"NA"	"NA"	"NA"	"NA"	"NA"	"NA"	"NA"	"NA"	"NA"	"NA"	"NA"	"NA"	"NA"	"NA"	"NA"	"NA"
"American Summer Pearmain"	589214	"2986"	2	"Mama"	"q8q8"	4.41	3.6	"07 Sept. 2018"	"7.4"	"North America"	"American Summer Pearmain"	"PI"	394	"American Summer Pearmain"	"12112"	"USDA"	"domestica"	"dessert"	"United States"	"new"	"NA"	"NA"	"NA"	"NA"	"NA"	"NA"	"2.8847650336789901"	"6.9608926106443096"	"253.278598620514"	"136.76734334328401"	"11.653734242200899"	"5.1821999015311597"	"152.98961968444101"	"1.07186498864561"	"3.8636299714107598"	"101.183788136877"	"NA"	"NA"	"NA"	"NA"	"NA"	"NA"	"NA"	"56.87"	"4.6879999999999997"	"NA"	"13.6030512787347"	"3.4845491780682099"	"243.46091620459899"	"8.2511529930934504"	"79.8449321633598"	"3.99472424112875"	"NA"	"NA"	"-28.774440081374198"	"-43.183698036819301"	"NA"	"NA"	"NA"	"90.622958642360601"
"Golden Delicious"	590184	"65"	2	"Mama"	"Q8q8"	4.49	3.7	"21 Sept. 2017, 12 Oct. 2018"	"6.8"	"North America"	"Golden Delicious"	"PI"	222	"Golden Delicious"	"24944"	"USDA"	"domestica"	"dessert"	"United States"	"new"	"1914"	"NA"	"NA"	"NA"	"NA"	"NA"	"NA"	"NA"	"NA"	"NA"	"NA"	"NA"	"153.85444734518799"	"1.04490662184619"	"NA"	"NA"	"NA"	"NA"	"NA"	"NA"	"NA"	"NA"	"NA"	"NA"	"NA"	"NA"	"16.531082177238002"	"NA"	"274.76027550228298"	"8.6928835641589295"	"225.02316133765399"	"NA"	"NA"	"NA"	"NA"	"NA"	"NA"	"NA"	"NA"	"120.61233090328901"
"Pomme Raisin"	134669	"670"	2	"Mama"	"Q8Q8"	4.52	3.5	"15 Sept. 2017, 27 Sept. 2018"	"7.2"	"Central Europe"	"Pomme Raisin"	"PI"	972	"Pomme Raisin"	"134378"	"USDA"	"domestica"	"cider"	"Switzerland"	"old"	"NA"	"NA"	"NA"	"NA"	"NA"	"NA"	"NA"	"NA"	"NA"	"NA"	"NA"	"NA"	"151.97675338119001"	"2.9106774342942501"	"NA"	"NA"	"NA"	"NA"	"NA"	"NA"	"NA"	"6.0434000000000001"	"10.199999999999999"	"92.13"	"5.9531999999999998"	"1.6877916404672899"	"9.7150856539875594"	"9.4473627511943103"	"267.75531767998802"	"7.9197011629656604"	"117.457092779042"	"1.0541029169982099"	"-36.030825118512503"	"4.9913543048733402"	"-21.562846635993999"	"-24.8304970414979"	"60.116399760437801"	"NA"	"NA"	"115.723385458954"
"Foxwhelp (misidentiﬁed)"	589318	"n/a"	2	"Mama"	"Q8Q8"	4.62	3.5	"21 Sept. 2017, 07 Sept. 2018, 09 Oct. 2019"	"7.6"	"England"	"Foxwhelp"	"PI"	869	"Foxwhelp"	"14598"	"USDA"	"domestica"	"cider"	"United Kingdom"	"old"	"NA"	"NA"	"NA"	"NA"	"NA"	"NA"	"NA"	"NA"	"NA"	"NA"	"NA"	"NA"	"153.89126212142"	"1.0390725110521399"	"NA"	"NA"	"NA"	"NA"	"NA"	"NA"	"NA"	"NA"	"NA"	"NA"	"NA"	"NA"	"NA"	"NA"	"NA"	"NA"	"NA"	"NA"	"NA"	"NA"	"NA"	"NA"	"NA"	"NA"	"NA"	"NA"
"Golden Russet"	589892	"2862"	2	"Mama"	"Q8q8"	4.72	3.6	"25 Oct. 2018"	"5.7"	"n/a"	"Golden Russet"	"PI"	770	"Golden Russet"	"21846"	"USDA"	"domestica"	"cider"	"United States"	"new"	"NA"	"5.8959999999999999"	"19.8"	"144.042"	"8.0841999999999992"	"3.3582089552238799"	"5.4709677853241896"	"7.7608926106443104"	"309.45012990960498"	"184.83800768834499"	"17.1381884576974"	"8.9512488659665195"	"151.95731824241599"	"2.0749580483460499"	"3.0133231920702399"	"156.95972997940899"	"7.7688670698437399"	"15.531463835123599"	"-22.071222363060201"	"-9.6863452122655307"	"11.445362517410301"	"NA"	"NA"	"120.61799999999999"	"7.4645999999999999"	"NA"	"14.056957714057701"	"7.09338188074301"	"282.47679339516202"	"13.2707090296655"	"138.26688598188801"	"2.03359695296195"	"NA"	"NA"	"-12.764362093321401"	"-43.751309871133898"	"NA"	"3.9147309497140101"	"3.7513127639426198"	"130.48281797881401"
"Sunset"	589694	"164"	2	"Mama"	"Q8q8"	4.82	3.4	"17 Sept. 2018"	"6.5"	"England"	"Sunset"	"PI"	1195	"Sunset"	"19047"	"USDA"	"domestica"	"dessert"	"United Kingdom"	"old"	"1933"	"NA"	"NA"	"NA"	"NA"	"NA"	"6.2623420687772997"	"7.7856725701306004"	"289.42431131902998"	"121.214676927461"	"14.018055222408901"	"6.4344920602773099"	"151.86946900460501"	"1.0322737426936299"	"2.2749872599999899"	"137.484119062047"	"NA"	"NA"	"NA"	"NA"	"NA"	"8.1874000000000002"	"15.3"	"NA"	"NA"	"1.86872511419987"	"13.3838245620012"	"9.5496741737217299"	"260.90719888385502"	"8.6943701189464804"	"139.36239424930099"	"1.42191516696876"	"-14.2651377307758"	"14.317099190310101"	"NA"	"NA"	"31.423108608062702"	"NA"	"NA"	"108.806619859638"
"Reine des Pommes"	132571	"285"	2	"Mama"	"Q8Q8"	5.05	3.7	"19 Oct. 2017"	"8"	"France"	"Reine des Pommes"	"PI"	1072	"Reine des Pommes"	"134078"	"USDA"	"domestica"	"cider"	"France"	"old"	"1903"	"NA"	"NA"	"NA"	"NA"	"NA"	"NA"	"NA"	"NA"	"NA"	"NA"	"NA"	"153.930159232927"	"1.01652880100029"	"NA"	"NA"	"NA"	"NA"	"NA"	"NA"	"NA"	"NA"	"NA"	"NA"	"NA"	"NA"	"NA"	"NA"	"NA"	"NA"	"NA"	"NA"	"NA"	"NA"	"NA"	"NA"	"NA"	"NA"	"NA"	"NA"
"Marshall McIntosh"	588998	"508"	2	"Mama"	"Q8Q8"	5.16	3.5	"21 Sept. 2017, 17 Sept. 2018"	"6.6"	"North America"	"Marshall McIntosh"	"PI"	148	"Marshall McIntosh"	"6796"	"USDA"	"domestica"	"dessert"	"United States"	"new"	"NA"	"8.6698000000000004"	"13.2"	"158.84200000000001"	"6.5319000000000003"	"1.52252647119887"	"8.8709677853241899"	"19.0898259852565"	"268.25326637134401"	"164.13627350619601"	"12.304855124364099"	"5.9616436291699797"	"152.97259424634001"	"1.4743678888718199"	"1.3598519070199999"	"116.110129583221"	"-2.2677095689265601"	"7.2747290934248996"	"-3.2255353390828301"	"9.5654219926831701"	"11.962667650726599"	"7.8255999999999997"	"11.7"	"160.96600000000001"	"3.8159999999999998"	"1.49509302801063"	"10.795992926266299"	"9.4535510845187893"	"250.884042346576"	"7.7681557749110599"	"164.94580171458901"	"1.21120704786454"	"-17.2205245411403"	"8.3735426644665605"	"-2.4127935802060501"	"-50.876371296201398"	"23.438270165832101"	"3.8115182760241502"	"3.8751230186262502"	"97.894509081488295"
"Red Ralls"	437047	"546"	2	"Mama"	"Q8Q8"	5.18	3.6	"19 Oct. 2017, 19 Oct. 2018"	"7.5"	"Central Europe"	"Red Ralls"	"PI"	1068	"Red Ralls"	"331983"	"USDA"	"domestica"	"dessert"	"Poland"	"old"	"NA"	"5.0785999999999998"	"13.8"	"143.98099999999999"	"6.806"	"2.7172842909463202"	"6.1172518177607698"	"12.369473614535799"	"309.56768564203401"	"158.607508765445"	"13.086410956014999"	"9.4330209644950997"	"155.43302694187699"	"2.4928177409532299"	"2.0986944198353599"	"153.82083819789901"	"-16.979059366906501"	"5.4529010771819699"	"-9.2218261791598195"	"-27.849200954635101"	"29.474985270103701"	"3.6983999999999999"	"13.2"	"NA"	"NA"	"3.5691109669046099"	"11.628074637226501"	"4.7521972328765996"	"285.31796487789001"	"9.4601050963155995"	"108.277847367921"	"2.4284752637459799"	"-22.174947318815601"	"13.5183632012568"	"NA"	"NA"	"46.969212336104803"	"2.6888221414676399"	"2.6058056356176702"	"129.82310112782"
"Hubbards Pearmain"	590130	"2476"	2	"Mama"	"Q8Q8"	5.24	3.6	"29 Sept. 2017, 27 Sept. 2018"	"7.8"	"England"	"Hubbards Pearmain"	"PI"	738	"Hubbards Pearmain"	"24688"	"USDA"	"domestica"	"dessert"	"United Kingdom"	"old"	"NA"	"NA"	"NA"	"NA"	"NA"	"NA"	"NA"	"NA"	"NA"	"NA"	"NA"	"NA"	"NA"	"1.01458716679435"	"NA"	"NA"	"NA"	"NA"	"NA"	"NA"	"NA"	"NA"	"NA"	"NA"	"NA"	"NA"	"NA"	"NA"	"NA"	"NA"	"NA"	"NA"	"NA"	"NA"	"NA"	"NA"	"NA"	"NA"	"NA"	"NA"
"Stembridge Cluster"	589692	"1454"	2	"Mama"	"Q8q8"	5.32	3.5	"29 Sept. 2017, 27 Sept. 2018, 09 Oct. 2019"	"7"	"England"	"Stembridge Cluster"	"PI"	1169	"Stembridge Cluster"	"19032"	"USDA"	"domestica"	"cider"	"United Kingdom"	"old"	"NA"	"NA"	"NA"	"NA"	"NA"	"NA"	"NA"	"NA"	"NA"	"NA"	"NA"	"NA"	"NA"	"0.98958943766732799"	"NA"	"NA"	"NA"	"NA"	"NA"	"NA"	"NA"	"NA"	"NA"	"NA"	"NA"	"NA"	"NA"	"NA"	"NA"	"NA"	"NA"	"NA"	"NA"	"NA"	"NA"	"NA"	"NA"	"NA"	"NA"	"NA"
"Esopus Spitzenburg"	588785	"522"	2	"Mama"	"Q8Q8"	5.33	3.5	"19 Oct. 2017, 19 Oct. 2018"	"7"	"North America"	"Esopus Spitzenburg"	"PI"	227	"Esopus Spitzenburg"	"2470"	"USDA"	"domestica"	"dessert"	"United States"	"new"	"NA"	"NA"	"NA"	"NA"	"NA"	"NA"	"NA"	"NA"	"NA"	"NA"	"NA"	"NA"	"152.33604929140901"	"1.96163123178108"	"NA"	"NA"	"NA"	"NA"	"NA"	"NA"	"NA"	"5.3465999999999996"	"14"	"118.746"	"6.0712000000000002"	"2.61848651479445"	"9.8009825160561004"	"6.8928118832905101"	"274.926506855208"	"10.9825676629025"	"138.72170396902101"	"1.4887567698325599"	"-22.4322367920532"	"42.842821901426902"	"-14.3998403980692"	"-44.719666781497502"	"75.884104633757602"	"NA"	"NA"	"123.043792873542"
"Bella di Pontoise"	102537	"87"	2	"Mama"	"Q8q8"	5.5	3.5	"19 Oct. 2018"	"6.3"	"France"	"Bella di Pontoise"	"PI"	569	"Bella di Pontoise"	"127885"	"USDA"	"domestica"	"dessert"	"France"	"old"	"1879"	"NA"	"NA"	"NA"	"NA"	"NA"	"NA"	"NA"	"NA"	"NA"	"NA"	"NA"	"154.10137314386401"	"1.5347669417604899"	"NA"	"NA"	"NA"	"NA"	"NA"	"NA"	"NA"	"NA"	"NA"	"NA"	"NA"	"NA"	"10.200537702349701"	"6.6615400396479796"	"289.22970284394802"	"11.0730725884032"	"290.98572460739899"	"1.50005034039061"	"NA"	"NA"	"NA"	"NA"	"NA"	"NA"	"NA"	"135.305145132326"
"Landsberger Reinette"	589565	"61"	2	"MaMa"	"Q8Q8"	5.56	3.5	"15 Sept. 2017, 16 Sept. 2018"	"7.4"	"Central Europe"	"Landsberger Reinette"	"PI"	747	NA	NA	NA	NA	NA	NA	NA	NA	NA	NA	NA	NA	NA	NA	NA	NA	NA	NA	NA	NA	NA	NA	NA	NA	NA	NA	NA	NA	NA	NA	NA	NA	NA	NA	NA	NA	NA	NA	NA	NA	NA	NA	NA	NA	NA	NA	NA
"Renetta Dorata"	104034	"38.1"	2	"Mama"	"Q8Q8"	5.63	3.5	"05 Oct. 2018"	"5.4"	"Southern Europe"	"Renetta Dorata"	"PI"	1056	"Renetta Dorata"	"128291"	"USDA"	"domestica"	"dessert"	"Italy"	"old"	"NA"	"8.8038000000000007"	"15.7"	"103.17100000000001"	"4.0635000000000003"	"1.78332083872873"	"8.6181896328499601"	"13.3463147372647"	"290.987759139856"	"123.23082759402099"	"13.288739269423401"	"7.1768702439959604"	"151.77873545744799"	"1.0314369405466299"	"1.58284144193822"	"138.823950020821"	"2.1537048389205702"	"18.145142903998199"	"-16.278254382991999"	"-43.380612135220801"	"12.665791498674601"	"NA"	"NA"	"NA"	"NA"	"NA"	"12.731082177237999"	"NA"	"274.76027550228298"	"9.7106835641589306"	"165.95116133765401"	"NA"	"NA"	"NA"	"NA"	"NA"	"NA"	"4.8852156908920801"	"5.2033796056938"	"122.61233090328901"
"Liberty"	588943	"585"	2	"Mama"	"Q8Q8"	5.72	3.4	"12 Oct. 2018"	"6.6"	"North America"	"Liberty"	"PI"	5	"Liberty"	"5016"	"Kentville"	"domestica"	"dessert"	"United States"	"new"	"1978"	"3.9127999999999998"	"13"	"139.53399999999999"	"5.0686499999999999"	"3.3961054104477602"	"5.7541962238421904"	"15.0732825903875"	"296.916628119699"	"156.10796309138999"	"12.0170464354172"	"6.60858198191952"	"151.96763688601499"	"0.92569595081614697"	"2.0980974753899102"	"145.08825890123401"	"-32.0009285782169"	"8.1796602007444505"	"-10.6169876047176"	"-23.302003154876999"	"61.865949999135701"	"6.4989999999999997"	"12.9"	"167.43"	"6.1086"	"1.98492075703954"	"11.3188589001333"	"11.1381778746071"	"271.58567713631999"	"9.5810894923923406"	"181.57600672882199"	"1.1042111946655799"	"-41.651138335504001"	"13.9690856986306"	"-7.7906805990885104"	"-36.243158934582503"	"79.759158993193395"	"4.5998817531104299"	"5.3093092869405698"	"119.58624425429601"
"Pomme Grise"	589242	"n/a"	2	"Mama"	"Q8q8"	5.79	3.5	"25 Oct. 2018"	"6.6"	"North America"	"Pomme Grise"	"PI"	1086	"Pomme Grise"	"12820"	"USDA"	"domestica"	"dessert"	"Europe"	"old"	"NA"	"NA"	"NA"	"NA"	"NA"	"NA"	"NA"	"NA"	"NA"	"NA"	"NA"	"NA"	"151.992542803557"	"2.0154441454552199"	"NA"	"NA"	"NA"	"NA"	"NA"	"NA"	"NA"	"NA"	"17.5"	"77.085999999999999"	"5.4672000000000001"	"NA"	"14.4080653367501"	"7.4341494047365799"	"268.44421087670702"	"10.319672541248501"	"97.171600464098503"	"1.96444809763012"	"NA"	"21.459749043221102"	"-20.6702373617068"	"-47.021574782075703"	"NA"	"NA"	"NA"	"116.517550406615"
"Arkansas Black"	589117	"44"	2	"Mama"	"Q8Q8"	5.8	3.5	"06 Oct. 2017, 02 Nov. 2018"	"6"	"North America"	"Arkansas Black"	"PI"	401	"Arkansas Black"	"9300"	"USDA"	"domestica"	"cider"	"United States"	"new"	"NA"	"4.7302"	"11.9"	"134.26900000000001"	"7.6257000000000001"	"2.51574986258509"	"4.6057514260710999"	"21.085672570130601"	"309.88351856288602"	"139.736597834995"	"11.708043028288801"	"10.210456184154101"	"154.07861117965001"	"1.04246405761155"	"2.5753859258476202"	"155.57728423206299"	"2.70202541162887"	"1.6395308015814101"	"-3.9127887179930401"	"-25.314796298381399"	"-2.3156165708602501"	"NA"	"NA"	"NA"	"NA"	"NA"	"NA"	"NA"	"NA"	"NA"	"NA"	"NA"	"NA"	"NA"	"NA"	"NA"	"NA"	"6.9263006308610704"	"6.8005960944181698"	"NA"
"Clear Heart"	206022	"2733"	2	"Mama"	"Q8Q8"	5.92	3.6	"07 Sept. 2018"	"7.1"	"Northern Europe"	"Clear Heart"	"PI"	408	"Clear Heart"	"172765"	"USDA"	"domestica"	"dessert"	"Ireland"	"old"	"NA"	"NA"	"NA"	"NA"	"NA"	"NA"	"NA"	"NA"	"NA"	"NA"	"NA"	"NA"	"159.03535507254401"	"2.9616312317810798"	"NA"	"NA"	"NA"	"NA"	"NA"	"NA"	"NA"	"7.1824000000000003"	"12.1"	"80.092500000000001"	"4.2789999999999999"	"1.6846736466919101"	"11.700982516056101"	"9.5326118832905102"	"253.926506855208"	"8.2177676629024798"	"119.565703969021"	"1.3231386523073101"	"-24.654437965843801"	"3.4101194783973598"	"-33.013818058770703"	"-47.9298980510642"	"27.324044517492499"	"NA"	"NA"	"97.0437928735425"
"Teign Harvey"	175549	"2545"	2	"Mama"	"Q8Q8"	6	3.5	"21 Sept. 2017, 17 Sept. 2018, 20 Sept. 2019"	"6.6"	"England"	"Teign Harvey"	"PI"	1148	"Teign Harvey"	"152077"	"USDA"	"domestica"	"cider"	"United Kingdom"	"old"	"NA"	"NA"	"NA"	"NA"	"NA"	"NA"	"NA"	"NA"	"NA"	"NA"	"NA"	"NA"	"153.97017112868701"	"1.5583953069791401"	"NA"	"NA"	"NA"	"NA"	"NA"	"NA"	"NA"	"7.9729999999999999"	"11.8"	"101.88200000000001"	"4.9610000000000003"	"1.47999498306785"	"10.720130024481399"	"9.4157696971611493"	"253.219279083808"	"9.0714312082274304"	"101.293218142841"	"1.0369438102277799"	"-15.3229076704812"	"10.073291770272499"	"0.58126483485668501"	"-45.311826919873802"	"42.726632674797202"	"NA"	"NA"	"99.245111219254895"
"Yellow Bellﬂower"	589195	"77"	2	"Mama"	"Q8q8"	6.07	3.6	"19 Oct. 2017, 12 Oct. 2018"	"8"	"North America"	"Yellow Bellflower"	"PI"	1167	"Yellow Bellflower"	"11371"	"USDA"	"domestica"	"dessert"	"United States"	"new"	"NA"	"NA"	"NA"	"NA"	"NA"	"NA"	"NA"	"NA"	"NA"	"NA"	"NA"	"NA"	"151.685783979174"	"1.00549994392398"	"NA"	"NA"	"NA"	"NA"	"NA"	"NA"	"NA"	"NA"	"NA"	"NA"	"NA"	"NA"	"NA"	"NA"	"NA"	"NA"	"NA"	"NA"	"NA"	"NA"	"NA"	"NA"	"NA"	"NA"	"NA"	"NA"
"Cap of Liberty"	161830	"n/a"	2	"Mama"	"Q8q8"	6.13	3.5	"06 Oct. 2017, 10 Oct. 2019"	"7.8"	"England"	"Cap of Liberty"	"PI"	497	NA	NA	NA	NA	NA	NA	NA	NA	NA	NA	NA	NA	NA	NA	NA	NA	NA	NA	NA	NA	NA	NA	NA	NA	NA	NA	NA	NA	NA	NA	NA	NA	NA	NA	NA	NA	NA	NA	NA	NA	NA	NA	NA	NA	NA	NA	NA
"Jonathan"	590185	"57"	2	"Mama"	"Q8q8"	6.16	3.4	"29 Sept. 2017, 05 Oct. 2018"	"7.7"	"North America"	"Jonathan"	"PI"	708	"Jonathan"	"24950"	"USDA"	"domestica"	"dessert"	"United States"	"new"	"NA"	"5.5877999999999997"	"13.2"	"100.79"	"5.1896000000000004"	"2.3622892730591598"	"6.7126419184031496"	"17.539239478275299"	"312.878761717967"	"128.20245011887599"	"13.4430481832821"	"6.2571468751413901"	"152.87984078087899"	"1.00411246355007"	"2.1050797602685098"	"159.37374685587699"	"-16.757067218486998"	"-1.80798417121169"	"-21.3821577461723"	"-17.0612404733949"	"12.218516259823"	"4.0468000000000002"	"13.1"	"145.48599999999999"	"6.6181999999999999"	"3.8635225139887801"	"10.6600163190435"	"5.6014190064551199"	"271.52082676319901"	"8.96454055108725"	"86.597994809132203"	"2.0038762298855501"	"-27.754020984032199"	"22.889117689225401"	"68.001580545439793"	"-26.173572841975499"	"92.802452385467006"	"3.8523363424175199"	"4.3620450108176598"	"118.580035336823"
"Grenadier"	589684	"93"	2	"Mama"	"Q8Q8"	6.23	3.4	"15 Sept. 2017, 07 Sept. 2018"	"7.5"	"England"	"Grenadier"	"PI"	740	"Grenadier"	"18954"	"USDA"	"domestica"	"dessert"	"United Kingdom"	"old"	"1875"	"NA"	"NA"	"NA"	"NA"	"NA"	"NA"	"NA"	"NA"	"NA"	"NA"	"NA"	"151.76687070771399"	"0.99378212204106997"	"NA"	"NA"	"NA"	"NA"	"NA"	"NA"	"NA"	"NA"	"NA"	"NA"	"NA"	"NA"	"NA"	"NA"	"NA"	"NA"	"NA"	"NA"	"NA"	"NA"	"NA"	"NA"	"NA"	"NA"	"NA"	"NA"
"Blue Pearmain"	590180	"n/a"	2	"Mama"	"Q8q8"	6.26	3.6	"06 Oct. 2017, 27 Sept. 2018"	"6.2"	"North America"	"Blue Pearmain"	"PI"	574	"Blue Pearmain"	"24920"	"USDA"	"domestica"	"dessert"	"United States"	"new"	"NA"	"3.2025999999999999"	"13.3"	"245.85499999999999"	"4.1254999999999997"	"4.1528757884219099"	"4.0528277343060504"	"5.0780546184272799"	"310.95787505872602"	"246.54620620590299"	"12.975723352216701"	"4.8343314584731596"	"151.109850740062"	"1.5207404884309801"	"3.0882019013826398"	"158.74039809207599"	"-20.978629984914299"	"2.4991026625725801"	"-0.28035564470448199"	"-14.662450528310099"	"34.4755272173946"	"2.7469999999999999"	"13.3"	"207.25800000000001"	"4.7460000000000004"	"4.8416454313796899"	"12.5005377023497"	"4.6113400396479802"	"275.22970284394802"	"8.9210725884031508"	"208.47372460739899"	"2.7777774083639399"	"-40.4294635316094"	"6.39542327447265"	"-0.58315483626939302"	"-46.8001190106948"	"74.299258709549704"	"6.9484565221585699"	"8.1165404424082297"	"125.305145132326"
"Belle de Nordhaussen"	589584	"99"	2	"Mama"	"Q8Q8"	6.3	3.3	"27 Sept. 2018"	"7.7"	"Central Europe"	"Belle de Nordhaussen"	"PI"	405	"Belle de Nordhaussen"	"18270"	"USDA"	"domestica"	"dessert"	"Germany"	"old"	"1892"	"NA"	"NA"	"NA"	"NA"	"NA"	"NA"	"NA"	"NA"	"NA"	"NA"	"NA"	"152.17062134417"	"1.0207404884309801"	"NA"	"NA"	"NA"	"NA"	"NA"	"NA"	"NA"	"NA"	"NA"	"NA"	"NA"	"NA"	"NA"	"NA"	"NA"	"NA"	"NA"	"NA"	"NA"	"NA"	"NA"	"NA"	"NA"	"NA"	"NA"	"NA"
"Court Pendu"	589601	"105"	2	"Mama"	"Q8Q8"	6.42	3.4	"05 Oct. 2018"	"6"	"France"	"Court Pendu"	"PI"	440	"Court Pendu"	"18373"	"USDA"	"domestica"	"cider"	"Belgium"	"old"	"NA"	"NA"	"NA"	"NA"	"NA"	"NA"	"NA"	"NA"	"NA"	"NA"	"NA"	"NA"	"160.85822837765201"	"1.2765364716533001"	"NA"	"NA"	"NA"	"NA"	"NA"	"NA"	"NA"	"NA"	"NA"	"NA"	"NA"	"NA"	"NA"	"NA"	"NA"	"NA"	"NA"	"NA"	"NA"	"NA"	"NA"	"NA"	"NA"	"NA"	"NA"	"NA"
"Weisser Winter Taffetapfel"	590144	"234"	2	"Mama"	"Q8Q8"	6.44	3.6	"06 Oct. 2017, 05 Oct. 2018"	"7.3"	"Central Europe"	"Weisser Winter Taffetapfel"	"PI"	1203	NA	NA	NA	NA	NA	NA	NA	NA	NA	NA	NA	NA	NA	NA	NA	NA	NA	NA	NA	NA	NA	NA	NA	NA	NA	NA	NA	NA	NA	NA	NA	NA	NA	NA	NA	NA	NA	NA	NA	NA	NA	NA	NA	NA	NA	NA	NA
"Reinette do Chenee"	131828	"n/a"	2	"Mama"	"Q8Q8"	6.48	3.6	"06 Oct. 2017"	"7.8"	"Central Europe"	"Reinette do Chenee"	"PI"	941	"Reinette do Chenee"	"134023"	"USDA"	"domestica"	"dessert"	"Belgium"	"old"	"NA"	"NA"	"NA"	"NA"	"NA"	"NA"	"NA"	"NA"	"NA"	"NA"	"NA"	"NA"	"154.20186353794699"	"1.4651559543507"	"NA"	"NA"	"NA"	"NA"	"NA"	"NA"	"NA"	"NA"	"NA"	"NA"	"NA"	"NA"	"NA"	"NA"	"NA"	"NA"	"NA"	"NA"	"NA"	"NA"	"NA"	"NA"	"NA"	"NA"	"NA"	"NA"
"Lambrook Pippin"	161839	"n/a"	2	"Mama"	"Q8Q8"	6.5	3.4	"12 Oct. 2018"	"7.7"	"England"	"Lambrook Pippin"	"PI"	835	"Lambrook Pippin"	"139564"	"USDA"	"domestica"	"cider"	"United Kingdom"	"old"	"NA"	"NA"	"NA"	"NA"	"NA"	"NA"	"NA"	"NA"	"NA"	"NA"	"NA"	"NA"	"156.92866938276299"	"1.58121155948141"	"NA"	"NA"	"NA"	"NA"	"NA"	"NA"	"NA"	"6.4051999999999998"	"15.4"	"48.518000000000001"	"6.3971999999999998"	"2.4042965090863699"	"12.6564750324172"	"8.0863723416203399"	"282.65114720994501"	"9.3337774339823394"	"85.624405226210897"	"1.49208548142"	"-20.790192073736101"	"21.676848890040699"	"-43.336248734434498"	"-31.461832626208501"	"61.136646594686397"	"NA"	"NA"	"125.683281923823"
"Old Pearmain"	590133	"598"	2	"Mama"	"Q8q8"	6.57	3.4	"21 Sept. 2017, 17 Sept. 2018"	"6.5"	"England"	"Old Pearmain"	"PI"	1013	"Old Pearmain"	"24708"	"USDA"	"domestica"	"dessert"	"United Kingdom"	"old"	"NA"	"NA"	"NA"	"NA"	"NA"	"NA"	"NA"	"NA"	"NA"	"NA"	"NA"	"NA"	"154.022252598422"	"1.08855558333611"	"NA"	"NA"	"NA"	"NA"	"NA"	"NA"	"NA"	"NA"	"NA"	"NA"	"NA"	"NA"	"NA"	"NA"	"NA"	"NA"	"NA"	"NA"	"NA"	"NA"	"NA"	"NA"	"NA"	"NA"	"NA"	"NA"
"Nanot"	161763	"n/a"	2	"Mama"	"Q8q8"	6.81	3.2	"21 Sept. 2017, 09 Oct. 2019"	"8"	"France"	"Nanot"	"PI"	1070	"Nanot"	"139527"	"USDA"	"domestica"	"cider"	"France"	"old"	"NA"	"NA"	"NA"	"NA"	"NA"	"NA"	"NA"	"NA"	"NA"	"NA"	"NA"	"NA"	"151.902283798909"	"1.04574342450101"	"NA"	"NA"	"NA"	"NA"	"NA"	"NA"	"NA"	"9.5274000000000001"	"9.4"	"126.02800000000001"	"5.4596"	"0.98662804122845704"	"10.0940580416069"	"10.2638158316729"	"271.395713950122"	"8.9057310113794905"	"133.77852364922899"	"1.00631210813021"	"-7.1748737871972503"	"-6.8759069815731904"	"-5.7935484992726298"	"-38.695655718504398"	"-1.9560598290253299"	"NA"	"NA"	"115.369416628548"
"Reinette Grise"	589588	"2114"	2	"Mama"	"Q8Q8"	6.84	3.5	"23 Aug. 2018"	"6.9"	"France"	"Reinette Grise"	"PI"	1011	"Reinette Grise"	"18300"	"USDA"	"domestica"	"dessert"	"France"	"old"	"NA"	"NA"	"NA"	"NA"	"NA"	"NA"	"NA"	"NA"	"NA"	"NA"	"NA"	"NA"	"161.342496239572"	"0.97845993664527398"	"NA"	"NA"	"NA"	"NA"	"NA"	"NA"	"NA"	"7.1824000000000003"	"14.8"	"228.3"	"8.2218"	"2.06059255959011"	"13.846730623231901"	"9.27560787124062"	"288.27920577414199"	"10.0584336825079"	"240.84210018202299"	"1.4218658838121401"	"-22.566799936969002"	"6.8844364977297596"	"-5.2076028952346496"	"-18.259639030099599"	"44.921724548695899"	"NA"	"NA"	"127.201207998917"
"Dufﬂin"	175542	"2554"	2	"Mama"	"Q8Q8"	6.86	3.4	"07 Sept. 2018"	"7.2"	"England"	"Dufflin"	"PI"	410	"Dufflin"	"152070"	"USDA"	"domestica"	"cider"	"United Kingdom"	"old"	"NA"	"NA"	"NA"	"NA"	"NA"	"NA"	"NA"	"NA"	"NA"	"NA"	"NA"	"NA"	"153.86419560334701"	"2.4887843188780301"	"NA"	"NA"	"NA"	"NA"	"NA"	"NA"	"NA"	"NA"	"NA"	"NA"	"NA"	"NA"	"NA"	"NA"	"NA"	"NA"	"NA"	"NA"	"NA"	"NA"	"NA"	"NA"	"NA"	"NA"	"NA"	"NA"
"Bonne-Hotture"	590120	"124"	2	"Mama"	"Q8q8"	7.07	3.5	"06 Oct. 2017, 05 Oct. 2018"	"7"	"France"	"Bonne-Hotture"	"PI"	561	"Bonne-Hotture"	"24636"	"USDA"	"domestica"	"dessert"	"France"	"old"	"NA"	"2.9346000000000001"	"13.3"	"104.339"	"NA"	"4.5321338512914897"	"5.5528277343060397"	"13.3856725701306"	"310.30464390403898"	"98.684002570393204"	"14.2535011299945"	"8.9133656352985806"	"154.33664986193301"	"1.4616312328393199"	"2.5259636406680599"	"155.56443736628299"	"-47.151250850630802"	"-6.6895924117057097"	"5.7304094709504501"	"NA"	"79.421974977155401"	"NA"	"NA"	"NA"	"NA"	"NA"	"NA"	"NA"	"NA"	"NA"	"NA"	"NA"	"NA"	"NA"	"NA"	"NA"	"NA"	"3.6721797530205098"	"4.7510935972836599"	"NA"
"Grosse Mouche"	162545	"n/a"	2	"Mama"	"Q8Q8"	7.23	3.4	"06 Oct. 2017"	"8"	"France"	"Grosse Mouche"	"PI"	763	"Grosse Mouche"	"140131"	"USDA"	"domestica"	"cider"	"France"	"old"	"NA"	"NA"	"NA"	"NA"	"NA"	"NA"	"NA"	"NA"	"NA"	"NA"	"NA"	"NA"	"NA"	"NA"	"NA"	"NA"	"NA"	"NA"	"NA"	"NA"	"NA"	"NA"	"NA"	"NA"	"NA"	"NA"	"NA"	"NA"	"NA"	"NA"	"NA"	"NA"	"NA"	"NA"	"NA"	"NA"	"NA"	"NA"	"NA"	"NA"
"Reineta do Caravia"	105524	"n/a"	2	"Mama"	"Q8Q8"	7.24	3.4	"06 Oct. 2017, 19 Oct. 2018"	"6.1"	"Spain"	"Reineta do Caravia"	"PI"	1101	"Reineta do Caravia"	"128378"	"USDA"	"domestica"	"dessert"	"Spain"	"old"	"NA"	"NA"	"NA"	"NA"	"NA"	"NA"	"NA"	"NA"	"NA"	"NA"	"NA"	"NA"	"153.11876420805899"	"1.9626323004147499"	"NA"	"NA"	"NA"	"NA"	"NA"	"NA"	"NA"	"NA"	"NA"	"NA"	"NA"	"NA"	"10.2150856539876"	"9.0989627511943105"	"281.75531767998802"	"10.2205011629657"	"227.559092779042"	"1.1485834389012799"	"NA"	"NA"	"NA"	"NA"	"NA"	"NA"	"NA"	"127.723385458954"
"Finkenwerder Herbstprinz"	651010	"2889"	2	"MaMa"	"Q8Q8"	7.27	3.4	"12 Oct. 2018"	"6.1"	"Central Europe"	"Finkenwerder Herbstprinz"	"PI"	842	NA	NA	NA	NA	NA	NA	NA	NA	NA	NA	NA	NA	NA	NA	NA	NA	NA	NA	NA	NA	NA	NA	NA	NA	NA	NA	NA	NA	NA	NA	NA	NA	NA	NA	NA	NA	NA	NA	NA	NA	NA	NA	NA	NA	NA	NA	NA
"Calville Blanc"	589596	"95"	2	"Mama"	"Q8q8"	7.39	3.4	"25 Oct. 2018"	"7"	"France"	"Calville Blanc"	"PI"	166	NA	NA	NA	NA	NA	NA	NA	NA	NA	NA	NA	NA	NA	NA	NA	NA	NA	NA	NA	NA	NA	NA	NA	NA	NA	NA	NA	NA	NA	NA	NA	NA	NA	NA	NA	NA	NA	NA	NA	NA	NA	NA	NA	NA	NA	NA	NA
"Reinette Thouin"	590140	"134"	2	"Mama"	"Q8Q8"	7.41	3.5	"06 Oct. 2017, 12 Oct. 2018"	"7.9"	"France"	"Reinette Thouin"	"PI"	1063	"Reinette Thouin"	"24736"	"USDA"	"domestica"	"dessert"	"France"	"old"	"NA"	"NA"	"NA"	"NA"	"NA"	"NA"	"NA"	"NA"	"NA"	"NA"	"NA"	"NA"	"154.342496239572"	"1.00864537729157"	"NA"	"NA"	"NA"	"NA"	"NA"	"NA"	"NA"	"10.398400000000001"	"12.5"	"131.178"	"6.3339999999999996"	"1.2021080166179401"	"11.746730623231899"	"12.7596078712406"	"274.27920577414199"	"8.9390336825078993"	"138.702100182023"	"0.87373264240369697"	"-18.5053325703106"	"6.4125874758576202"	"-5.4246476240438302"	"-29.142229183065801"	"37.5830498115374"	"NA"	"NA"	"120.201207998917"
"Inducoa No. II"	613830	"16"	2	"Mama"	"Q8Q8"	7.49	3.5	"27 Sept. 2018"	"7.8"	"Spain"	"Inducoa No. II"	"PI"	716	"Inducoa No. II"	"84065"	"USDA"	"domestica"	"NA"	"Spain"	"old"	"NA"	"NA"	"NA"	"NA"	"NA"	"NA"	"12.418205419352001"	"10.7856725701306"	"306.71607143452502"	"184.97286030123101"	"13.472253423542201"	"6.6912813266361599"	"153.72084160321299"	"1.54180488032881"	"1.09726188630741"	"153.17798053627999"	"NA"	"NA"	"NA"	"NA"	"NA"	"10.344799999999999"	"12.7"	"134.636"	"4.8726000000000003"	"1.2276699404531699"	"12.2426267390976"	"12.12330948344"	"274.63687232500502"	"9.7166018165080992"	"130.01936819067299"	"1.00076933668429"	"-14.6701648247896"	"3.7359079113451101"	"3.55072622915436"	"-49.852838553889697"	"22.672617500516001"	"7.6444084554577199"	"7.84102157722395"	"120.79133633023901"
"Golden Harvey"	590128	"2841"	2	"Mama"	"Q8Q8"	7.79	3.5	"21 Sept. 2017, 19 Oct. 2018"	"7.2"	"England"	"Golden Harvey"	"PI"	733	"Golden Harvey"	"24678"	"USDA"	"domestica"	"cider"	"United Kingdom"	"old"	"NA"	"NA"	"NA"	"NA"	"NA"	"NA"	"8.6008177068726805"	"12.1694736145358"	"303.01387794450301"	"80.383088252311495"	"16.1997342070303"	"7.33342531093425"	"152.83051982580699"	"0.95766480764839501"	"1.9144666002941699"	"150.39238662293701"	"NA"	"NA"	"NA"	"NA"	"NA"	"NA"	"19.5"	"NA"	"NA"	"NA"	"16.392645123307201"	"13.48318165733"	"274.76074400868401"	"9.7670891405681104"	"80.187494683644104"	"1.1315538702175101"	"NA"	"18.955786899057198"	"NA"	"NA"	"NA"	"4.4739521644499298"	"4.3923219484439402"	"121.753020122802"
"Pomme Cloche"	134668	"85"	2	"MaMa"	"Q8Q8"	7.89	3.2	"29 Sept. 2017, 12 Oct. 2018"	"7.3"	"Central Europe"	"Pomme Cloche"	"PI"	1025	"Pomme Cloche"	"134377"	"USDA"	"domestica"	"dessert"	"Switzerland"	"old"	"NA"	"11.2158"	"14.7"	"179.39400000000001"	"6.0979000000000001"	"1.3106510458460401"	"11.2908627415237"	"14.092777107770001"	"307.3904540538"	"189.645078996628"	"13.5759720761636"	"9.0999375385210897"	"151.87059865698399"	"1.4919809379853499"	"1.2140897578860199"	"155.164839269602"	"-0.66480961855684095"	"8.2795391558733602"	"-5.4054020546508701"	"-32.989649937849798"	"7.9533895523633502"	"8.9377999999999993"	"14.4"	"195.68799999999999"	"7.5701999999999998"	"1.61113473114189"	"12.1307959712551"	"12.7763773493699"	"278.36408912931398"	"10.4875923635623"	"232.77429680407201"	"1.03236976228068"	"-30.044332946687799"	"18.706142895503"	"-15.932298932166001"	"-27.817560622382501"	"56.061790068571902"	"2.6117321649398"	"2.3389581846813701"	"126.354286175605"
"Champagne Reinette"	264688	"91"	2	"Mama"	"Q8Q8"	8.07	3.3	"06 Oct. 2017, 19 Oct. 2018"	"7.5"	"France"	"Champagne Reinette"	"PI"	489	"Champagne Reinette"	"200179"	"USDA"	"domestica"	"dessert"	"France"	"old"	"NA"	"7.6513999999999998"	"12.4"	"136.917"	"5.9379"	"1.62061844891131"	"9.1126419184031509"	"16.478054618427301"	"312.592119609951"	"164.79665093846799"	"12.098603738837699"	"9.1743234929230493"	"154.08530662187599"	"0.96712825542009795"	"1.41383396902273"	"158.517602675147"	"-16.035326873232499"	"2.4911656557094202"	"-16.917607718179699"	"-35.276971598173802"	"14.6257965517347"	"8.7368000000000006"	"13"	"145.63800000000001"	"5.968"	"1.48795897811556"	"11.725803795226099"	"11.175284239143799"	"288.02796779245801"	"10.033208560926001"	"160.599599224093"	"1.0077780713175499"	"-21.820333039964101"	"10.866600081545499"	"-9.3160875222461108"	"-40.517532713889999"	"47.647485142262603"	"5.3740744542458403"	"5.6179790529837197"	"133.89848350612399"
"William Crump"	589309	"333"	2	"Mama"	"Q8Q8"	8.34	3.3	"15 Sept. 2017, 19 Oct. 2018"	"6.4"	"England"	"William Crump"	"PI"	1163	"William Crump"	"13885"	"USDA"	"domestica"	"dessert"	"United Kingdom"	"old"	"1908"	"NA"	"NA"	"NA"	"NA"	"NA"	"NA"	"NA"	"NA"	"NA"	"NA"	"NA"	"153.926088664795"	"1.9196693440458401"	"NA"	"NA"	"NA"	"NA"	"NA"	"NA"	"NA"	"8.9512"	"14.2"	"210.72"	"5.98966666666667"	"1.58637947984628"	"12.5114034680982"	"12.7531340050851"	"269.16471943561402"	"9.4284835641589293"	"219.58206778831999"	"0.98381510930215899"	"-29.811762375970801"	"13.4964597393683"	"-4.03587955864554"	"-36.472640314763296"	"61.2477247855578"	"NA"	"NA"	"115.324202268528"
"Edward VII"	392312	"74"	2	"MaMa"	"Q8Q8"	8.36	3.2	"19 Oct. 2017, 19 Oct. 2018"	"7.7"	"England"	"Edward VII"	"PI"	371	NA	NA	NA	NA	NA	NA	NA	NA	NA	NA	NA	NA	NA	NA	NA	NA	NA	NA	NA	NA	NA	NA	NA	NA	NA	NA	NA	NA	NA	NA	NA	NA	NA	NA	NA	NA	NA	NA	NA	NA	NA	NA	NA	NA	NA	NA	NA
"Lorna Doone"	161840	"2694"	2	"Mama"	"Q8q8"	8.45	3.3	"24 Aug. 2018"	"5.4"	"England"	"Lorna Doone"	"PI"	1030	"Lorna Doone"	"139565"	"USDA"	"domestica"	"dessert"	"United Kingdom"	"old"	"NA"	"NA"	"NA"	"NA"	"NA"	"NA"	"9.8635358501973496"	"10.978054618427301"	"260.685241374464"	"169.10200984254499"	"12.5409826606818"	"5.5165073487379797"	"158.83780317452599"	"1.91067743356041"	"1.2399696685655901"	"103.681946416388"	"NA"	"NA"	"NA"	"NA"	"NA"	"4.6900000000000004"	"11.9"	"NA"	"NA"	"2.5373134328358198"	"12.9552975142467"	"8.4530732950476608"	"243.66192789811601"	"6.9187923635622903"	"157.87943827113699"	"1.5567188115231301"	"-44.517220704241403"	"-8.1456833630119903"	"NA"	"NA"	"62.991120429337698"	"NA"	"NA"	"84.743793272677195"
"Lombart's Calville"	589920	"9"	2	"Mama"	"Q8Q8"	8.61	3.4	"05 Oct. 2018"	"6.3"	"Northern Europe"	"Lombart's Calville"	"PI"	726	"Lombart's Calville"	"22029"	"USDA"	"domestica"	"dessert"	"Netherlands"	"old"	"1911"	"NA"	"NA"	"NA"	"NA"	"NA"	"NA"	"NA"	"NA"	"NA"	"NA"	"NA"	"157.07219744891199"	"1.02343525934752"	"NA"	"NA"	"NA"	"NA"	"NA"	"NA"	"NA"	"NA"	"NA"	"NA"	"NA"	"NA"	"13.128473684758999"	"11.943824401435799"	"281.79511594099603"	"8.7470725884031495"	"181.41756789758799"	"0.98983456714431695"	"NA"	"NA"	"NA"	"NA"	"NA"	"NA"	"NA"	"124.733555269767"
"King David"	589156	"71"	2	"MaMa"	"Q8q8"	8.71	3.3	"12 Oct. 2018"	"6.6"	"North America"	"King David"	"PI"	813	"King David"	"10527"	"USDA"	"domestica"	"cider"	"United States"	"new"	"1902"	"6.7804000000000002"	"11.7"	"77.995000000000005"	"4.4983000000000004"	"1.7255619137514"	"6.8854208984431597"	"19.9463147372647"	"311.73424568536598"	"90.267661112459805"	"11.693666801474601"	"6.7151445648753496"	"154.87475777618999"	"2.0085290176025499"	"1.65689242490759"	"157.76355138949299"	"-1.52526475856989"	"5.4159218258210101E-2"	"-13.5958558815099"	"-33.012611172526597"	"4.1444747897643301"	"12.0868"	"15.7"	"135.392"	"5.4222000000000001"	"1.2989376840851199"	"13.6982348276315"	"NA"	"274.01484096484802"	"9.7390018165081003"	"139.15277762423401"	"NA"	"NA"	"14.6133074630216"	"-2.7026249051165601"	"-44.324889735526099"	"NA"	"2.1444239083561998"	"2.3353146237517799"	"116.99083445612899"
"Pigeonnet"	589597	"2112"	2	"MaMa"	"Q8Q8"	9.01	3.3	"05 Oct. 2018"	"6.2"	"France"	"Pigeonnet"	"PI"	983	"Pigeonnet"	"18352"	"USDA"	"domestica"	"cider"	"Europe"	"old"	"NA"	"8.9646000000000008"	"13.5"	"109.557"	"8.6629000000000005"	"1.5059232983066699"	"10.546415850717"	"13.860892610644299"	"308.91911836507597"	"111.89473184202301"	"12.127545125317599"	"10.9890574333213"	"153.670646380107"	"0.99928605100921297"	"1.15792316225796"	"155.05472439867"	"-14.998610647516401"	"11.3168399746231"	"-2.0892242231059601"	"-21.167943178346398"	"30.0538194062987"	"10.8942"	"12.9"	"109.962"	"9.4550000000000001"	"1.18411631877513"	"10.244772744619601"	"13.244866899082099"	"288.58358207485702"	"11.218231208227399"	"111.19250093614799"	"0.68226665117377505"	"-17.7477578067999"	"25.917873647074199"	"-1.1066402192487801"	"-15.7175509712641"	"73.556235928866002"	"3.7212474452843201"	"3.9460719402036801"	"134.78315446113001"
"Tremlett's Bitter (misidentiﬁed)"	175550	"n/a"	2	"Mama"	"Q8Q8"	9.07	3.3	"21 Sept. 2017, 12 Oct. 2018"	"7.8"	"n/a"	"Trembletts Bitter"	"PI"	1133	"Trembletts Bitter"	"152078"	"USDA"	"domestica"	"cider"	"United Kingdom"	"old"	"NA"	"8.9377999999999993"	"12.7"	"148.38"	"4.9132999999999996"	"1.4209313253820799"	"10.652827734305999"	"9.2856725701306004"	"310.30464390403898"	"154.784002570393"	"11.975723352216701"	"7.24936563529858"	"157.33664986193301"	"0.91427980130483999"	"1.1642989072855101"	"152.56443736628299"	"-16.099272203407399"	"6.0478739069171601"	"-4.1373801323431803"	"-32.224414560135003"	"22.041798415399398"	"NA"	"NA"	"NA"	"NA"	"NA"	"11.2162042147735"	"13.3370558586382"	"260.55190134397901"	"9.0199009962358101"	"121.213376134265"	"0.99040541275552396"	"NA"	"NA"	"NA"	"NA"	"NA"	"9.1312690732921808"	"10.266215857292201"	"103.458375162225"
"Boche"	162549	"n/a"	2	"Mama"	"Q8Q8"	9.39	3.2	"21 Sept. 2017"	"7.9"	"France"	"Boche"	"PI"	543	"Boche"	"140134"	"USDA"	"domestica"	"NA"	"France"	"old"	"NA"	"11.966200000000001"	"12.6"	"96.353999999999999"	"5.7858000000000001"	"1.0529658538216"	"7.2126419184031496"	"5.9392394782752698"	"312.878761717967"	"185.10245011887599"	"12.4430481832821"	"7.15314687514139"	"153.73742896333499"	"1.91966934376404"	"1.8211370467483301"	"159.37374685587699"	"65.905920956204497"	"1.2613614799689801"	"-47.945583681836801"	"-19.1153194392414"	"-42.180855872341503"	"7.9997999999999996"	"11.1"	"124.818"	"5.7370000000000001"	"1.3875346883672099"	"10.070723957433501"	"10.606452401493801"	"274.96003651753898"	"8.83940856092598"	"125.440723630747"	"0.99826116562575495"	"-24.576100498284301"	"10.220477166457901"	"-0.49642860207031397"	"-35.097467659091699"	"38.995158395993599"	"6.3685900607018704"	"6.3058999767169803"	"121.188929092979"
"Isle of Wight Pippin"	590131	"n/a"	2	"Mama"	"Q8Q8"	11.36	3.4	"19 Oct. 2019"	"6.8"	"England"	"Isle of Wight Pippin"	"PI"	785	"Isle of Wight Pippin"	"24691"	"USDA"	"domestica"	"cider"	"France"	"old"	"NA"	"NA"	"NA"	"NA"	"NA"	"NA"	"6.81818963284997"	"16.289825985256499"	"292.09709389731302"	"100.630795393906"	"13.2220726027567"	"7.6762364886517096"	"151.95092023429601"	"1.0348284878399601"	"1.9606552947520699"	"140.535857653574"	"NA"	"NA"	"NA"	"NA"	"NA"	"NA"	"NA"	"NA"	"NA"	"NA"	"NA"	"NA"	"NA"	"NA"	"NA"	"NA"	"NA"	"NA"	"NA"	"NA"	"NA"	"NA"	"NA"	"NA"
"Court Royal"	589671	"n/a"	3	"mamama"	"Q8Q8Q8"	1.43	4.5	"29 Sept. 2017"	"7.8"	"England"	"Court Royal"	"PI"	482	"Court Royal"	"18860"	"USDA"	"domestica"	"cider"	"United Kingdom"	"old"	"NA"	"NA"	"NA"	"NA"	"NA"	"NA"	"1.7730890509624"	"16.460892610644301"	"270.18954344113598"	"153.68619262647701"	"10.767624591896899"	"6.8790115119913198"	"154.085378849623"	"1.9887843196989099"	"6.32278011767501"	"116.38679274766"	"NA"	"NA"	"NA"	"NA"	"NA"	"NA"	"NA"	"NA"	"NA"	"NA"	"NA"	"NA"	"NA"	"NA"	"NA"	"NA"	"NA"	"NA"	"NA"	"NA"	"NA"	"5.0762751577018301"	"5.0008405242400604"	"NA"
"Miron Sacharanij"	154164	"n/a"	3	"mamama"	"Q8Q8Q8"	1.61	4.3	"15 Aug. 2018"	"8"	"Central Europe"	"Miron Sacharanij"	"PI"	964	"Miron Sacharanij"	"136936"	"USDA"	"domestica"	"NA"	"Germany"	"old"	"NA"	"NA"	"NA"	"NA"	"NA"	"NA"	"NA"	"NA"	"NA"	"NA"	"NA"	"NA"	"152.96326028571099"	"1.0300870585868001"	"NA"	"NA"	"NA"	"NA"	"NA"	"NA"	"NA"	"NA"	"NA"	"NA"	"NA"	"NA"	"NA"	"NA"	"240.19410913825499"	"1.98511076731567"	"183.88206429835299"	"NA"	"NA"	"NA"	"NA"	"NA"	"NA"	"NA"	"NA"	"88.121506790498202"
"Domaine"	173979	"n/a"	3	"mamama"	"Q8Q8Q8"	1.66	4.6	"12 Oct. 2018"	"7.4"	"France"	"Domaine"	"PI"	196	"Domaine"	"151024"	"USDA"	"domestica"	"cider"	"France"	"old"	"NA"	"NA"	"NA"	"NA"	"NA"	"NA"	"NA"	"NA"	"NA"	"NA"	"NA"	"NA"	"153.902283798909"	"1.54574342450101"	"NA"	"NA"	"NA"	"NA"	"NA"	"NA"	"NA"	"NA"	"NA"	"NA"	"NA"	"NA"	"14.8417738202017"	"2.8607526442326399"	"282.32516848048198"	"10.755359029665501"	"86.204279817185494"	"5.1155161994486704"	"NA"	"NA"	"NA"	"NA"	"NA"	"NA"	"NA"	"NA"
"Arkansas"	588952	"n/a"	3	"mamama"	"Q8Q8Q8"	1.84	4.6	"21 Sept. 2017, 27 Sept. 2018, 20 Sept. 2019"	"7.6"	"North America"	"Arkansas"	"PI"	431	"Arkansas"	"6090"	"USDA"	"domestica"	"dessert"	"United States"	"new"	"1868"	"NA"	"NA"	"NA"	"NA"	"NA"	"1.6623420687773001"	"13.2392394782753"	"276.37494694894099"	"83.199081403648293"	"11.1180552224089"	"8.9575910416080706"	"156.538764819112"	"1.9895894373855201"	"5.7081311993939297"	"119.97445683680201"	"NA"	"NA"	"NA"	"NA"	"NA"	"NA"	"NA"	"NA"	"NA"	"NA"	"NA"	"NA"	"NA"	"NA"	"NA"	"NA"	"NA"	"NA"	"NA"	"NA"	"NA"	"NA"	"NA"	"NA"
"Belle Fille"	162709	"n/a"	3	"Mamama"	"Q8Q8Q8"	1.88	4.6	"29 Sept. 2017, 16 Sept. 2018, 26 Sept. 2019"	"7.6"	"France"	"Belle Fille"	"PI"	553	"Belle Fille"	"140199"	"USDA"	"domestica"	"cider"	"France"	"old"	"NA"	"NA"	"NA"	"NA"	"NA"	"NA"	"2.4182054193519802"	"18.978054618427301"	"278.88820376921598"	"83.483992424853099"	"11.5722534235422"	"7.77447187612524"	"151.77343240942201"	"1.51313551400862"	"5.0235412940290098"	"127.576265907932"	"NA"	"NA"	"NA"	"NA"	"NA"	"NA"	"NA"	"NA"	"NA"	"NA"	"NA"	"NA"	"NA"	"NA"	"NA"	"NA"	"NA"	"NA"	"NA"	"NA"	"NA"	"10.5829542062058"	"11.749819392192"	"NA"
"Bulmer Norman"	588808	"618"	3	"Mamama"	"Q8Q8Q8"	1.96	4.4	"21 Sept. 2017, 16 Sept. 2018, 20 Sept. 2019"	"7.2"	"France"	"Bulmer Norman"	"PI"	366	"Bulmer Norman"	"2985"	"USDA"	"domestica"	"cider"	"France"	"old"	"NA"	"2.8140000000000001"	"13.9"	"106.33199999999999"	"3.7854999999999999"	"4.9395877754086701"	"1.5464158507169801"	"17.4463147372647"	"280.23022010473801"	"135.769574986821"	"12.671989569761999"	"4.5978469295042501"	"153.73466085368"	"1.4643260036593999"	"7.9604650909791097"	"126.049461928711"	"81.969164290143397"	"9.6907468513728006"	"-21.682011591830101"	"-17.667985514947102"	"-37.948502770192803"	"NA"	"NA"	"NA"	"NA"	"NA"	"12.0878735128027"	"3.7304900726963202"	"254.279203634086"	"8.4320017828540301"	"172.73819447513"	"3.2894786544630299"	"NA"	"NA"	"NA"	"NA"	"NA"	"6.6319738527966701"	"6.5722348202622998"	"100.269852668734"
"Doucet Rouge"	161760	"n/a"	3	"mamama"	"Q8Q8Q8"	2.03	4.2	"15 Aug. 2018, 20 Sept. 2019"	"7.5"	"France"	"Doucet Rouge"	"PI"	521	"Doucet Rouge"	"139523"	"USDA"	"domestica"	"cider"	"France"	"old"	"NA"	"NA"	"NA"	"NA"	"NA"	"NA"	"1.88542089844316"	"16.746314737264701"	"311.73424568536598"	"99.267661112459706"	"12.6603334681413"	"7.1001445648753503"	"154.221710446218"	"2.0145871654344099"	"6.6067186813700003"	"157.76355138949299"	"NA"	"NA"	"NA"	"NA"	"NA"	"2.0636000000000001"	"11.8"	"135.33600000000001"	"5.0754000000000001"	"5.7181624345803499"	"11.6154034714326"	"2.3798763288953899"	"281.40308254620999"	"8.0897676629024797"	"134.191369760583"	"4.2814515382245002"	"-13.2896119456001"	"1.58923905675257"	"0.85298349771613402"	"-37.261486219506203"	"33.556631052085798"	"6.04430154800436"	"7.03553014548371"	"127.348819293391"
"Nehou"	175544	"n/a"	3	"mamama"	"Q8Q8Q8"	2.21	4.5	"17 Sept. 2018"	"7.3"	"France"	"Nehou"	"PI"	925	"Nehou"	"152072"	"USDA"	"domestica"	"cider"	"France"	"old"	"NA"	"NA"	"NA"	"NA"	"NA"	"NA"	"NA"	"NA"	"NA"	"NA"	"NA"	"NA"	"NA"	"1.9671282551496401"	"NA"	"NA"	"NA"	"NA"	"NA"	"NA"	"NA"	"NA"	"NA"	"NA"	"NA"	"NA"	"NA"	"NA"	"NA"	"NA"	"NA"	"NA"	"NA"	"NA"	"NA"	"NA"	"NA"	"NA"	"NA"	"NA"
"Gros Frequin"	131105	"n/a"	3	"mamama"	"Q8Q8Q8"	2.26	4.2	"27 Sept. 2018, 09 Oct. 2019"	"7"	"France"	"Gros Frequin"	"PI"	761	"Gros Frequin"	"133885"	"USDA"	"domestica"	"NA"	"France"	"old"	"NA"	"3.3231999999999999"	"15.9"	"76.090999999999994"	"4.8426"	"4.7845450168512302"	"2.1118977598151201"	"15.040993653697599"	"285.49302011464499"	"85.351161765077606"	"13.323622571623799"	"8.2906124386020892"	"154.12831564750601"	"0.99461892414547304"	"6.0407890326448399"	"130.940277127662"	"57.356102328122198"	"19.3369139250708"	"-10.849485318741699"	"-41.589357410409498"	"-20.796025304058499"	"NA"	"NA"	"NA"	"NA"	"NA"	"14.1289890174876"	"3.9784042514354301"	"253.93853491223001"	"10.741938346284"	"85.378911309058495"	"3.6099238143655401"	"NA"	"NA"	"NA"	"NA"	"NA"	"12.577345507547401"	"14.0298191981133"	"99.810068944811206"
"Surpasse Frequin"	125566	"n/a"	3	"mamama"	"Q8Q8Q8"	2.58	4	"18 Sept. 2019"	"7.9"	"France"	"Surpasse Frequin"	"PI"	1139	"Surpasse Frequin"	"132770"	"USDA"	"domestica"	"NA"	"NA"	"NA"	"NA"	"NA"	"NA"	"NA"	"NA"	"NA"	"NA"	"NA"	"NA"	"NA"	"NA"	"NA"	"155.10079225555901"	"1.9869933514348199"	"NA"	"NA"	"NA"	"NA"	"NA"	"NA"	"NA"	"2.7336"	"12.3"	"130.41800000000001"	"6.0373999999999999"	"4.4995610184372303"	"10.883451733386"	"2.6720154392248201"	"267.82480313964999"	"9.3117158077073192"	"125.255232913748"	"4.1784409041265498"	"2.30479808878074"	"13.015615829568199"	"4.1217975218705103"	"-35.163399263078503"	"7.68516587116377"	"NA"	"NA"	"113.804183733225"
"Teint Fraise"	127370	"n/a"	3	"mamama"	"Q8Q8Q8"	2.65	4.2	"06 Oct. 2017, 19 Oct. 2018, 30 Oct. 2019"	"7.6"	"France"	"Teint Fraise"	"PI"	1143	"Teint Fraise"	"133237"	"USDA"	"domestica"	"dessert"	"France"	"old"	"NA"	"NA"	"NA"	"NA"	"NA"	"NA"	"NA"	"NA"	"NA"	"NA"	"NA"	"NA"	"NA"	"0.94594698545243106"	"NA"	"NA"	"NA"	"NA"	"NA"	"NA"	"NA"	"NA"	"NA"	"NA"	"NA"	"NA"	"NA"	"NA"	"NA"	"NA"	"NA"	"NA"	"NA"	"NA"	"NA"	"NA"	"NA"	"NA"	"NA"	"NA"
"Peau De Vache"	136489	"n/a"	3	"mamama"	"Q8Q8Q8"	3.17	4.1	"05 Oct. 2018, 24 Oct. 2019"	"8"	"France"	"Peau de Vache"	"PI"	1074	"Peau de Vache"	"134730"	"USDA"	"domestica"	"cider"	"France"	"old"	"NA"	"NA"	"NA"	"NA"	"NA"	"NA"	"8.2854208984431494"	"12.746314737264701"	"297.73424568536598"	"108.06766111246"	"12.2714445792524"	"7.6271445648753504"	"154.27279954826599"	"0.97615130437780295"	"1.4418486750288499"	"143.76355138949299"	"NA"	"NA"	"NA"	"NA"	"NA"	"2.5057999999999998"	"12.3"	"108.986"	"5.0636000000000001"	"4.9086120201133401"	"11.1982348276315"	"NA"	"274.01484096484802"	"9.2802018165081002"	"92.014777624234199"	"NA"	"NA"	"9.8387396703800896"	"18.444018247886401"	"-45.4365314449023"	"NA"	"5.8895713274846999"	"6.3307002659511298"	"NA"
"Notaire"	137094	"n/a"	3	"Mama-"	"Q8q8-"	3.88	4	"21 Sept. 2017, 27 Sept. 2018"	"7.1"	"France"	"Notaire"	"PI"	1050	"Notaire"	"134828"	"USDA"	"domestica"	"NA"	"Belgium"	"old"	"NA"	"NA"	"NA"	"NA"	"NA"	"NA"	"NA"	"NA"	"NA"	"NA"	"NA"	"NA"	"152.091551908669"	"1.9970714859488701"	"NA"	"NA"	"NA"	"NA"	"NA"	"NA"	"NA"	"4.6631999999999998"	"10.3"	"148.97999999999999"	"5.8453999999999997"	"2.2087836678675599"	"9.6859198484698403"	"5.4262179813956797"	"260.930978535262"	"9.6017764646281094"	"163.828189485705"	"1.83442054651478"	"-14.0616905552221"	"6.3399260074113801"	"-9.0632689846093903"	"-39.121682101913002"	"20.407704332795099"	"NA"	"NA"	"108.820436151138"
"Stayman"	588975	"117.2"	3	"Mama-"	"Q8q8-"	4.28	3.6	"19 Oct. 2017, 02 Nov. 2018"	"5.9"	"North America"	"Stayman"	"PI"	135	"Stayman"	"6526"	"USDA"	"domestica"	"dessert"	"United States"	"new"	"1895"	"NA"	"NA"	"NA"	"NA"	"NA"	"NA"	"NA"	"NA"	"NA"	"NA"	"NA"	"153.945577012521"	"1.5583953066660801"	"NA"	"NA"	"NA"	"NA"	"NA"	"NA"	"NA"	"6.4051999999999998"	"15.6"	"146.94749999999999"	"5.1185"	"2.4355211390745"	"11.328473684759"	"9.4514244014357995"	"281.79511594099603"	"10.148872588403201"	"176.27956789758801"	"1.1013459756191799"	"-32.230320764910701"	"37.706106171988402"	"-16.6395165630477"	"-49.5658265938943"	"121.14042208264701"	"NA"	"NA"	"127.733555269767"
"Rott Jarnpple"	102148	"n/a"	3	"Mama-"	"Q8q8-"	4.37	3.5	"21 Sept. 2017"	"7"	"Central Europe"	"Rott Jarnpple"	"PI"	1038	NA	NA	NA	NA	NA	NA	NA	NA	NA	NA	NA	NA	NA	NA	NA	NA	NA	NA	NA	NA	NA	NA	NA	NA	NA	NA	NA	NA	NA	NA	NA	NA	NA	NA	NA	NA	NA	NA	NA	NA	NA	NA	NA	NA	NA	NA	NA
"Mutsu"	223602	"874.2"	3	"Mama-"	"Q8q8-"	4.73	3.5	"15 Sept. 2017, 19 Oct. 2018"	"6.4"	"Japan"	"Mutsu"	"PI"	963	NA	NA	NA	NA	NA	NA	NA	NA	NA	NA	NA	NA	NA	NA	NA	NA	NA	NA	NA	NA	NA	NA	NA	NA	NA	NA	NA	NA	NA	NA	NA	NA	NA	NA	NA	NA	NA	NA	NA	NA	NA	NA	NA	NA	NA	NA	NA
"Smokehouse"	589903	"n/a"	3	"Mama-"	"Q8q8-"	4.79	3.5	"05 Oct. 2018"	"6"	"North America"	"Smokehouse"	"PI"	1210	"Smokehouse"	"21910"	"USDA"	"domestica"	"cider"	"United States"	"new"	"NA"	"NA"	"NA"	"NA"	"NA"	"NA"	"NA"	"NA"	"NA"	"NA"	"NA"	"NA"	"153.10810741890501"	"0.93087846556403897"	"NA"	"NA"	"NA"	"NA"	"NA"	"NA"	"NA"	"3.7654000000000001"	"13.1"	"119.354"	"5.4969999999999999"	"3.4790460508843699"	"12.076314807341401"	"5.7163191954052497"	"278.88294479539798"	"9.40766166114906"	"164.832027851025"	"2.1954723825074201"	"-34.128940822153297"	"8.4768011515920705"	"-27.590528639329701"	"-41.568902050325299"	"58.464578220337103"	"NA"	"NA"	"125.96736346091301"
"Ribston"	588840	"907.2"	3	"Mama-"	"Q8q8-"	4.86	3.6	"21 Sept. 2017, 7 Sept. 2018"	"7.3"	"England"	"Ribston"	"PI"	1233	"Ribston"	"3662"	"Kentville"	"domestica"	"dessert"	"United Kingdom"	"old"	"NA"	"NA"	"NA"	"NA"	"NA"	"NA"	"NA"	"NA"	"NA"	"NA"	"NA"	"NA"	"153.80913913250299"	"1.0677418780523"	"NA"	"NA"	"NA"	"NA"	"NA"	"NA"	"NA"	"5.1456"	"12.5"	"132.91999999999999"	"4.3826000000000001"	"2.4292599502487602"	"12.984549591494501"	"8.0121314208970507"	"261.093848082649"	"9.4008043211048893"	"158.254991439343"	"1.5759908305133801"	"-35.777388940733402"	"-3.7317396963226499"	"-16.008968316840502"	"-53.380584785059"	"54.141756615260697"	"NA"	"NA"	"107.107684640624"
"Ribston"	588840	"907.2"	3	"Mama-"	"Q8q8-"	4.86	3.6	"21 Sept. 2017, 7 Sept. 2018"	"7.3"	"England"	"Ribston"	"PI"	1234	NA	NA	NA	NA	NA	NA	NA	NA	NA	NA	NA	NA	NA	NA	NA	NA	NA	NA	NA	NA	NA	NA	NA	NA	NA	NA	NA	NA	NA	NA	NA	NA	NA	NA	NA	NA	NA	NA	NA	NA	NA	NA	NA	NA	NA	NA	NA
"Reinette van Ekenstein"	188521	"n/a"	3	"Mama-"	"Q8Q8Q8"	5.06	3.5	"21 Sept. 2017, 17 Sept. 2018"	"7.5"	"Northern Europe"	"Reinette van Ekenstein"	"PI"	1125	"Reinette van Ekenstein"	"161404"	"USDA"	"domestica"	"dessert"	"Netherlands"	"old"	"NA"	"NA"	"NA"	"NA"	"NA"	"NA"	"6.77045887176235"	"16.969473614535801"	"267.164283409809"	"160.03047337469999"	"11.0396648367489"	"6.6454298163887904"	"154.07251209033799"	"1.47565768556455"	"1.6419505148018301"	"112.988987108026"	"NA"	"NA"	"NA"	"NA"	"NA"	"4.7302"	"12.6"	"138.05250000000001"	"5.0804999999999998"	"2.66373514861951"	"11.145422062137801"	"8.3250739758845906"	"253.64429434919199"	"7.7280927326809703"	"214.05141817709799"	"1.34993642298964"	"-43.181285671429897"	"13.0509004482079"	"-35.504982318883499"	"-34.259329232485598"	"97.323007458400298"	"3.8781735547406999"	"3.7078250045376202"	"99.606734126669593"
"Rhode Island Greening"	589520	"n/a"	3	"Mama-"	"Q8Q8Q8"	5.59	3.5	"26 Oct. 2017, 19 Oct. 2018"	"7.5"	"North America"	"Rhode Island Greening"	"PI"	131	"Rhode Island Greening"	"17787"	"USDA"	"domestica"	"dessert"	"United Kingdom"	"old"	"NA"	"NA"	"NA"	"NA"	"NA"	"NA"	"6.4829137537091803"	"13.3463147372647"	"304.381208036337"	"166.88380278849399"	"12.7142763301537"	"6.9971616956373603"	"151.72390951026199"	"1.0418048799619"	"1.8916690323076399"	"152.526383385749"	"NA"	"NA"	"NA"	"NA"	"NA"	"4.5827999999999998"	"14.3"	"191.11600000000001"	"5.2653999999999996"	"3.1203630967967202"	"12.837891228521899"	"8.2867664027922494"	"281.60447505155201"	"10.0407896252452"	"241.34808762796001"	"1.5981371849907"	"-44.697367136404203"	"11.3890104336586"	"-20.813128507317298"	"-47.5599011977963"	"95.250015211608897"	"4.5913868146220196"	"4.5644679922128004"	"129.55617062331399"
"Reinette Jaeghers"	131561	"n/a"	3	"Mama-"	"Q8q8-"	6.2	3.5	"15 Sept. 2017, 12 Oct. 2018"	"7.9"	"Central Europe"	"Reinette Jaeghers"	"PI"	1105	"Reinette Jaeghers"	"133985"	"USDA"	"domestica"	"dessert"	"Switzerland"	"old"	"NA"	"NA"	"NA"	"NA"	"NA"	"NA"	"NA"	"NA"	"NA"	"NA"	"NA"	"NA"	"152.342496239572"	"1.00283415430291"	"NA"	"NA"	"NA"	"NA"	"NA"	"NA"	"NA"	"NA"	"NA"	"NA"	"NA"	"NA"	"12.674660648994999"	"9.0102128708434392"	"269.109896120038"	"9.1453225412485306"	"383.98854218344798"	"1.3508637333958"	"NA"	"NA"	"NA"	"NA"	"NA"	"NA"	"NA"	"NA"
"Tom Putt"	125271	"n/a"	3	"Mama-"	"Q8Q8Q8"	6.37	3.4	"06 Oct. 2017"	"6.6"	"England"	"Tom Putt"	"PI"	1165	"Tom Putt"	"132694"	"USDA"	"domestica"	"cider"	"United Kingdom"	"old"	"NA"	"NA"	"NA"	"NA"	"NA"	"NA"	"NA"	"NA"	"NA"	"NA"	"NA"	"NA"	"153.77343240942201"	"1.01313551400862"	"NA"	"NA"	"NA"	"NA"	"NA"	"NA"	"NA"	"6.8608000000000002"	"11.3"	"185.72399999999999"	"3.6816"	"1.6470382462686599"	"11.853150082190799"	"8.9383523932806899"	"246.729525920778"	"8.6208371788783094"	"198.72818904416599"	"1.3489337309249401"	"-23.243124704307601"	"-4.6666926374441102"	"-6.5437063089604797"	"-57.294170814173398"	"22.0992705949546"	"NA"	"NA"	"92.754192431372104"
"Ashmead's Kernel"	589654	"1546"	3	"Mama-"	"Q8q8-"	6.7	3.4	"19 Oct. 2017, 19 Oct. 2018"	"6"	"England"	"Ashmead's Kernel"	"PI"	529	"Ashmead's Kernel"	"18745"	"USDA"	"domestica"	"dessert"	"United Kingdom"	"old"	"1720"	"NA"	"NA"	"NA"	"NA"	"NA"	"NA"	"NA"	"NA"	"NA"	"NA"	"NA"	"154.08530662187599"	"0.91966934404584"	"NA"	"NA"	"NA"	"NA"	"NA"	"NA"	"NA"	"NA"	"NA"	"NA"	"NA"	"NA"	"NA"	"NA"	"NA"	"NA"	"NA"	"NA"	"NA"	"NA"	"NA"	"NA"	"NA"	"NA"	"NA"	"NA"
"Roxbury Russet"	588971	"n/a"	3	"Mama-"	"Q8Q8Q8"	6.76	3.4	"19 Oct. 2017, 25 Oct. 2018"	"6.6"	"North America"	"Roxbury Russet"	"PI"	989	"Roxbury Russet"	"6428"	"USDA"	"domestica"	"dessert"	"United States"	"new"	"NA"	"7.2762000000000002"	"15.2"	"98.403999999999996"	"6.8127000000000004"	"2.0890025013056301"	"6.8528277343060404"	"13.085672570130599"	"310.30464390403898"	"138.18400257039301"	"13.8979455744389"	"10.0993656352986"	"154.16050402320801"	"1.02074048866834"	"2.0248034226549998"	"155.56443736628299"	"6.1780666625327498"	"9.3686827206737497"	"-28.787704676689"	"-32.543287905245002"	"3.1706326615375899"	"7.4101999999999997"	"17"	"NA"	"NA"	"2.2941351110631301"	"12.7747029632823"	"9.3547439348027108"	"282.14868171228699"	"10.3793201256528"	"170.07231546179699"	"1.3208447141453501"	"-20.786714723086899"	"33.075501237580703"	"NA"	"NA"	"73.686966113010897"	"4.8995865738289002"	"4.4341192707250903"	"128.175584644732"
"Canavial-14"	183961	"n/a"	3	"Mama-"	"Q8Q8Q8"	7.93	3.4	"26 Oct. 2017, 02 Nov. 2018"	"5.7"	"Central Europe"	"Canavial-14"	"PI"	453	"Canavial-14"	"159258"	"USDA"	"domestica"	"cider"	"Portugal"	"old"	"NA"	"6.9009999999999998"	"13"	"168.14750000000001"	"5.5490000000000004"	"1.88378495870164"	"6.9854208984431603"	"8.6463147372646691"	"311.73424568536598"	"187.06766111246"	"12.538111245919101"	"6.4911445648753601"	"153.45084371977501"	"1.00625459012361"	"1.7534187649121999"	"157.76355138949299"	"-1.2085298748708999"	"3.68387825743079"	"-10.114073699294099"	"-14.5143056892225"	"7.4349719757885602"	"5.3465999999999996"	"14.4"	"171.024"	"5.2750000000000004"	"2.6933004152171498"	"11.796503049861601"	"11.0734784978054"	"282.51698191264398"	"9.8086561215549004"	"273.79078817685701"	"1.17294589615955"	"-51.717068841018502"	"22.070073979838799"	"-37.534786638063999"	"-46.220971205138"	"129.618469533465"	"4.6617466529279197"	"4.2716771541054896"	"129.54232336885201"
"Rouge Belle De Boskoop"	589143	"886.2"	3	"Mama-"	"Q8q8-"	9.07	3.4	"07 Sept. 2018"	"7.7"	"France"	"Rouge Belle de Boskoop"	"PI"	919	"Rouge Belle de Boskoop"	"10227"	"USDA"	"domestica"	"NA"	"France"	"old"	"NA"	"NA"	"NA"	"NA"	"NA"	"NA"	"NA"	"NA"	"NA"	"NA"	"NA"	"NA"	"152.28958828333501"	"3.0054798482937799"	"NA"	"NA"	"NA"	"NA"	"NA"	"NA"	"NA"	"10.626200000000001"	"16"	"NA"	"NA"	"1.50571229602304"	"13.848156040264699"	"11.9593078521824"	"284.97766256786201"	"9.7461680928344503"	"256.01553948492199"	"1.1669969945896701"	"-11.1470318237449"	"15.5388483021034"	"NA"	"NA"	"29.024522171324499"	"NA"	"NA"	"132.83241810000601"
"Reinette D'Anjou"	590135	"n/a"	3	"Mama-"	"Q8q8-"	11.17	3.3	"12 Oct. 2018"	"6.7"	"France"	"Reinette d' Anjou"	"PI"	1083	"Reinette d' Anjou"	"24718"	"USDA"	"domestica"	"dessert"	"Germany"	"old"	"NA"	"NA"	"NA"	"NA"	"NA"	"NA"	"NA"	"NA"	"NA"	"NA"	"NA"	"NA"	"153.780508708767"	"1.03907251036082"	"NA"	"NA"	"NA"	"NA"	"NA"	"NA"	"NA"	"7.9729999999999999"	"13.7"	"207.47200000000001"	"5.3834999999999997"	"2.7381228572165099"	"12.297040712636599"	"14.839466899082099"	"281.83259954185797"	"8.4468518747379804"	"226.062883461833"	"0.73939081497891102"	"-46.271654809289899"	"11.4089179677327"	"-8.2237664039049392"	"-36.266196213284601"	"270.32145946993001"	"NA"	"NA"	"127.87714802089801"
